filename,source_path,method,threshold,status,input_bytes,reference_bytes,reference_width,reference_height,output_bytes,output_width,output_height,format,output_path,percentage_reduction,compression_ratio,ssimulacra2,psnr,butteraugli,encode_time_ms,selected_quality,subsampling,encoder,candidate_bytes_ge_original,used_original_fallback,reference_path,near_threshold_review
2013-10-14 10.29.22.jpg,C:\Users\LENOVO\Desktop\kyapture\benchmark\data\jpeg_real\2013-10-14 10.29.22.jpg,current,,selected,1260268,3951255,1536,2048,405558,1536,2048,JPEG,C:\Users\LENOVO\Desktop\kyapture\benchmark-artifacts\jpeg-quick-screen\work\0009_2013-10-14_10.29.22_47d63ae7\attempt-002\outputs\0001_2013-10-14_10.29.22_b6f0eb9c_current.jpg,67.81970184119568,3.1074914069011093,82.22460081,40.97663531600639,,4212.292900003376,84,420,current,False,False,C:\Users\LENOVO\Desktop\kyapture\benchmark-artifacts\jpeg-quick-screen\work\0009_2013-10-14_10.29.22_47d63ae7\attempt-002\references\0001_2013-10-14_10.29.22_b6f0eb9c.png,True
2013-10-14 10.29.22.jpg,C:\Users\LENOVO\Desktop\kyapture\benchmark\data\jpeg_real\2013-10-14 10.29.22.jpg,jpegli,80.0,selected,1260268,3951255,1536,2048,294948,1536,2048,JPEG,C:\Users\LENOVO\Desktop\kyapture\benchmark-artifacts\jpeg-quick-screen\work\0009_2013-10-14_10.29.22_47d63ae7\attempt-002\outputs\0001_2013-10-14_10.29.22_b6f0eb9c_jpegli_t80_0.jpg,76.596406478622,4.272848095257469,80.91549923,40.313579785052916,,222.81649999786168,85,420,jpegli,False,False,C:\Users\LENOVO\Desktop\kyapture\benchmark-artifacts\jpeg-quick-screen\work\0009_2013-10-14_10.29.22_47d63ae7\attempt-002\references\0001_2013-10-14_10.29.22_b6f0eb9c.png,True
2013-10-14 10.29.22.jpg,C:\Users\LENOVO\Desktop\kyapture\benchmark\data\jpeg_real\2013-10-14 10.29.22.jpg,jpegli,85.0,selected,1260268,3951255,1536,2048,396695,1536,2048,JPEG,C:\Users\LENOVO\Desktop\kyapture\benchmark-artifacts\jpeg-quick-screen\work\0009_2013-10-14_10.29.22_47d63ae7\attempt-002\outputs\0001_2013-10-14_10.29.22_b6f0eb9c_jpegli_t85_0.jpg,68.52296495666002,3.1769192956805608,85.06475782,41.9227096010175,,217.38519999780692,90,420,jpegli,False,False,C:\Users\LENOVO\Desktop\kyapture\benchmark-artifacts\jpeg-quick-screen\work\0009_2013-10-14_10.29.22_47d63ae7\attempt-002\references\0001_2013-10-14_10.29.22_b6f0eb9c.png,True
2013-10-14 10.29.22.jpg,C:\Users\LENOVO\Desktop\kyapture\benchmark\data\jpeg_real\2013-10-14 10.29.22.jpg,jpegli,88.0,selected,1260268,3951255,1536,2048,557669,1536,2048,JPEG,C:\Users\LENOVO\Desktop\kyapture\benchmark-artifacts\jpeg-quick-screen\work\0009_2013-10-14_10.29.22_47d63ae7\attempt-002\outputs\0001_2013-10-14_10.29.22_b6f0eb9c_jpegli_t88_0.jpg,55.74996746723713,2.2598853441736946,88.5436201,43.986978164277645,,200.10240000556223,94,420,jpegli,False,False,C:\Users\LENOVO\Desktop\kyapture\benchmark-artifacts\jpeg-quick-screen\work\0009_2013-10-14_10.29.22_47d63ae7\attempt-002\references\0001_2013-10-14_10.29.22_b6f0eb9c.png,True
2013-10-14 10.29.22.jpg,C:\Users\LENOVO\Desktop\kyapture\benchmark\data\jpeg_real\2013-10-14 10.29.22.jpg,jpegli,90.0,selected,1260268,3951255,1536,2048,735928,1536,2048,JPEG,C:\Users\LENOVO\Desktop\kyapture\benchmark-artifacts\jpeg-quick-screen\work\0009_2013-10-14_10.29.22_47d63ae7\attempt-002\outputs\0001_2013-10-14_10.29.22_b6f0eb9c_jpegli_t90_0.jpg,41.605436304024224,1.7124881781913448,90.61214793,45.807803386616,,289.5801999984542,96,420,jpegli,False,False,C:\Users\LENOVO\Desktop\kyapture\benchmark-artifacts\jpeg-quick-screen\work\0009_2013-10-14_10.29.22_47d63ae7\attempt-002\references\0001_2013-10-14_10.29.22_b6f0eb9c.png,True
2013-10-14 10.29.22.jpg,C:\Users\LENOVO\Desktop\kyapture\benchmark\data\jpeg_real\2013-10-14 10.29.22.jpg,mozjpeg,80.0,selected,1260268,3951255,1536,2048,321701,1536,2048,JPEG,C:\Users\LENOVO\Desktop\kyapture\benchmark-artifacts\jpeg-quick-screen\work\0009_2013-10-14_10.29.22_47d63ae7\attempt-002\outputs\0001_2013-10-14_10.29.22_b6f0eb9c_mozjpeg_t80_0.jpg,74.47360402707996,3.917513467474456,80.82413284,40.861134997277524,,960.127400001511,83,420,mozjpeg,False,False,C:\Users\LENOVO\Desktop\kyapture\benchmark-artifacts\jpeg-quick-screen\work\0009_2013-10-14_10.29.22_47d63ae7\attempt-002\references\0001_2013-10-14_10.29.22_b6f0eb9c.png,True
2013-10-14 10.29.22.jpg,C:\Users\LENOVO\Desktop\kyapture\benchmark\data\jpeg_real\2013-10-14 10.29.22.jpg,mozjpeg,85.0,selected,1260268,3951255,1536,2048,457916,1536,2048,JPEG,C:\Users\LENOVO\Desktop\kyapture\benchmark-artifacts\jpeg-quick-screen\work\0009_2013-10-14_10.29.22_47d63ae7\attempt-002\outputs\0001_2013-10-14_10.29.22_b6f0eb9c_mozjpeg_t85_0.jpg,63.665188674155026,2.752181622830388,85.71797592,42.68338653605608,,1308.0397000012454,90,420,mozjpeg,False,False,C:\Users\LENOVO\Desktop\kyapture\benchmark-artifacts\jpeg-quick-screen\work\0009_2013-10-14_10.29.22_47d63ae7\attempt-002\references\0001_2013-10-14_10.29.22_b6f0eb9c.png,True
2013-10-14 10.29.22.jpg,C:\Users\LENOVO\Desktop\kyapture\benchmark\data\jpeg_real\2013-10-14 10.29.22.jpg,mozjpeg,88.0,selected,1260268,3951255,1536,2048,573633,1536,2048,JPEG,C:\Users\LENOVO\Desktop\kyapture\benchmark-artifacts\jpeg-quick-screen\work\0009_2013-10-14_10.29.22_47d63ae7\attempt-002\outputs\0001_2013-10-14_10.29.22_b6f0eb9c_mozjpeg_t88_0.jpg,54.483252768458776,2.1969935481396643,88.02402468,43.97887880855226,,1185.9359000081895,93,420,mozjpeg,False,False,C:\Users\LENOVO\Desktop\kyapture\benchmark-artifacts\jpeg-quick-screen\work\0009_2013-10-14_10.29.22_47d63ae7\attempt-002\references\0001_2013-10-14_10.29.22_b6f0eb9c.png,True
2013-10-14 10.29.22.jpg,C:\Users\LENOVO\Desktop\kyapture\benchmark\data\jpeg_real\2013-10-14 10.29.22.jpg,mozjpeg,90.0,selected,1260268,3951255,1536,2048,822564,1536,2048,JPEG,C:\Users\LENOVO\Desktop\kyapture\benchmark-artifacts\jpeg-quick-screen\work\0009_2013-10-14_10.29.22_47d63ae7\attempt-002\outputs\0001_2013-10-14_10.29.22_b6f0eb9c_mozjpeg_t90_0.jpg,34.731025464425024,1.5321215127333556,90.40852801,46.089414933705854,,1910.9872999979416,96,420,mozjpeg,False,False,C:\Users\LENOVO\Desktop\kyapture\benchmark-artifacts\jpeg-quick-screen\work\0009_2013-10-14_10.29.22_47d63ae7\attempt-002\references\0001_2013-10-14_10.29.22_b6f0eb9c.png,True
2013-10-14 10.33.46.jpg,C:\Users\LENOVO\Desktop\kyapture\benchmark\data\jpeg_real\2013-10-14 10.33.46.jpg,current,,selected,1265684,3914719,1536,2048,415051,1536,2048,JPEG,C:\Users\LENOVO\Desktop\kyapture\benchmark-artifacts\jpeg-quick-screen\work\0010_2013-10-14_10.33.46_69535f25\attempt-002\outputs\0001_2013-10-14_10.33.46_ec0b054a_current.jpg,67.20737561666262,3.049466210176581,83.43062344,41.15784048451801,,4076.697900003637,84,420,current,False,False,C:\Users\LENOVO\Desktop\kyapture\benchmark-artifacts\jpeg-quick-screen\work\0010_2013-10-14_10.33.46_69535f25\attempt-002\references\0001_2013-10-14_10.33.46_ec0b054a.png,True
2013-10-14 10.33.46.jpg,C:\Users\LENOVO\Desktop\kyapture\benchmark\data\jpeg_real\2013-10-14 10.33.46.jpg,jpegli,80.0,selected,1265684,3914719,1536,2048,279771,1536,2048,JPEG,C:\Users\LENOVO\Desktop\kyapture\benchmark-artifacts\jpeg-quick-screen\work\0010_2013-10-14_10.33.46_69535f25\attempt-002\outputs\0001_2013-10-14_10.33.46_ec0b054a_jpegli_t80_0.jpg,77.89566748098261,4.523999985702592,80.03757636,39.927660620278026,,184.8477999883471,83,420,jpegli,False,False,C:\Users\LENOVO\Desktop\kyapture\benchmark-artifacts\jpeg-quick-screen\work\0010_2013-10-14_10.33.46_69535f25\attempt-002\references\0001_2013-10-14_10.33.46_ec0b054a.png,True
2013-10-14 10.33.46.jpg,C:\Users\LENOVO\Desktop\kyapture\benchmark\data\jpeg_real\2013-10-14 10.33.46.jpg,jpegli,85.0,selected,1265684,3914719,1536,2048,404435,1536,2048,JPEG,C:\Users\LENOVO\Desktop\kyapture\benchmark-artifacts\jpeg-quick-screen\work\0010_2013-10-14_10.33.46_69535f25\attempt-002\outputs\0001_2013-10-14_10.33.46_ec0b054a_jpegli_t85_0.jpg,68.04613157786619,3.1295115407914746,85.49691487,42.025162032594984,,365.2864000032423,90,420,jpegli,False,False,C:\Users\LENOVO\Desktop\kyapture\benchmark-artifacts\jpeg-quick-screen\work\0010_2013-10-14_10.33.46_69535f25\attempt-002\references\0001_2013-10-14_10.33.46_ec0b054a.png,True
2013-10-14 10.33.46.jpg,C:\Users\LENOVO\Desktop\kyapture\benchmark\data\jpeg_real\2013-10-14 10.33.46.jpg,jpegli,88.0,selected,1265684,3914719,1536,2048,515939,1536,2048,JPEG,C:\Users\LENOVO\Desktop\kyapture\benchmark-artifacts\jpeg-quick-screen\work\0010_2013-10-14_10.33.46_69535f25\attempt-002\outputs\0001_2013-10-14_10.33.46_ec0b054a_jpegli_t88_0.jpg,59.236349673378186,2.4531659750474377,88.06709987,43.62444989171528,,465.404500006116,93,420,jpegli,False,False,C:\Users\LENOVO\Desktop\kyapture\benchmark-artifacts\jpeg-quick-screen\work\0010_2013-10-14_10.33.46_69535f25\attempt-002\references\0001_2013-10-14_10.33.46_ec0b054a.png,True
2013-10-14 10.33.46.jpg,C:\Users\LENOVO\Desktop\kyapture\benchmark\data\jpeg_real\2013-10-14 10.33.46.jpg,jpegli,90.0,selected,1265684,3914719,1536,2048,655128,1536,2048,JPEG,C:\Users\LENOVO\Desktop\kyapture\benchmark-artifacts\jpeg-quick-screen\work\0010_2013-10-14_10.33.46_69535f25\attempt-002\outputs\0001_2013-10-14_10.33.46_ec0b054a_jpegli_t90_0.jpg,48.23921294730754,1.931964440536811,90.00544558,45.02259794112713,,266.516200004844,95,420,jpegli,False,False,C:\Users\LENOVO\Desktop\kyapture\benchmark-artifacts\jpeg-quick-screen\work\0010_2013-10-14_10.33.46_69535f25\attempt-002\references\0001_2013-10-14_10.33.46_ec0b054a.png,True
2013-10-14 10.33.46.jpg,C:\Users\LENOVO\Desktop\kyapture\benchmark\data\jpeg_real\2013-10-14 10.33.46.jpg,mozjpeg,80.0,selected,1265684,3914719,1536,2048,300744,1536,2048,JPEG,C:\Users\LENOVO\Desktop\kyapture\benchmark-artifacts\jpeg-quick-screen\work\0010_2013-10-14_10.33.46_69535f25\attempt-002\outputs\0001_2013-10-14_10.33.46_ec0b054a_mozjpeg_t80_0.jpg,76.23861880216548,4.20850956295055,80.20260744,40.40768567728912,,1072.2109000053024,81,420,mozjpeg,False,False,C:\Users\LENOVO\Desktop\kyapture\benchmark-artifacts\jpeg-quick-screen\work\0010_2013-10-14_10.33.46_69535f25\attempt-002\references\0001_2013-10-14_10.33.46_ec0b054a.png,True
2013-10-14 10.33.46.jpg,C:\Users\LENOVO\Desktop\kyapture\benchmark\data\jpeg_real\2013-10-14 10.33.46.jpg,mozjpeg,85.0,selected,1265684,3914719,1536,2048,464435,1536,2048,JPEG,C:\Users\LENOVO\Desktop\kyapture\benchmark-artifacts\jpeg-quick-screen\work\0010_2013-10-14_10.33.46_69535f25\attempt-002\outputs\0001_2013-10-14_10.33.46_ec0b054a_mozjpeg_t85_0.jpg,63.30561182728074,2.7252123547966884,86.29607049,42.728396913048584,,1191.613299990422,90,420,mozjpeg,False,False,C:\Users\LENOVO\Desktop\kyapture\benchmark-artifacts\jpeg-quick-screen\work\0010_2013-10-14_10.33.46_69535f25\attempt-002\references\0001_2013-10-14_10.33.46_ec0b054a.png,False
2013-10-14 10.33.46.jpg,C:\Users\LENOVO\Desktop\kyapture\benchmark\data\jpeg_real\2013-10-14 10.33.46.jpg,mozjpeg,88.0,selected,1265684,3914719,1536,2048,577692,1536,2048,JPEG,C:\Users\LENOVO\Desktop\kyapture\benchmark-artifacts\jpeg-quick-screen\work\0010_2013-10-14_10.33.46_69535f25\attempt-002\outputs\0001_2013-10-14_10.33.46_ec0b054a_mozjpeg_t88_0.jpg,54.35732773741313,2.1909321922408482,88.42664744,44.09331346725615,,1330.5353000032483,93,420,mozjpeg,False,False,C:\Users\LENOVO\Desktop\kyapture\benchmark-artifacts\jpeg-quick-screen\work\0010_2013-10-14_10.33.46_69535f25\attempt-002\references\0001_2013-10-14_10.33.46_ec0b054a.png,True
2013-10-14 10.33.46.jpg,C:\Users\LENOVO\Desktop\kyapture\benchmark\data\jpeg_real\2013-10-14 10.33.46.jpg,mozjpeg,90.0,selected,1265684,3914719,1536,2048,820539,1536,2048,JPEG,C:\Users\LENOVO\Desktop\kyapture\benchmark-artifacts\jpeg-quick-screen\work\0010_2013-10-14_10.33.46_69535f25\attempt-002\outputs\0001_2013-10-14_10.33.46_ec0b054a_mozjpeg_t90_0.jpg,35.17031107290604,1.542503159508567,90.6964978,46.36166071770156,,1523.751100001391,96,420,mozjpeg,False,False,C:\Users\LENOVO\Desktop\kyapture\benchmark-artifacts\jpeg-quick-screen\work\0010_2013-10-14_10.33.46_69535f25\attempt-002\references\0001_2013-10-14_10.33.46_ec0b054a.png,True
2013-10-14 10.34.12.jpg,C:\Users\LENOVO\Desktop\kyapture\benchmark\data\jpeg_real\2013-10-14 10.34.12.jpg,current,,selected,1199359,3813572,1536,2048,383090,1536,2048,JPEG,C:\Users\LENOVO\Desktop\kyapture\benchmark-artifacts\jpeg-quick-screen\work\0013_2013-10-14_10.34.12_dcbb6168\attempt-002\outputs\0001_2013-10-14_10.34.12_b155f4a6_current.jpg,68.05877139371947,3.1307499543188286,82.59465367,41.5159434169381,,4423.4812000067905,84,420,current,False,False,C:\Users\LENOVO\Desktop\kyapture\benchmark-artifacts\jpeg-quick-screen\work\0013_2013-10-14_10.34.12_dcbb6168\attempt-002\references\0001_2013-10-14_10.34.12_b155f4a6.png,True
2013-10-14 10.34.12.jpg,C:\Users\LENOVO\Desktop\kyapture\benchmark\data\jpeg_real\2013-10-14 10.34.12.jpg,jpegli,80.0,selected,1199359,3813572,1536,2048,271105,1536,2048,JPEG,C:\Users\LENOVO\Desktop\kyapture\benchmark-artifacts\jpeg-quick-screen\work\0013_2013-10-14_10.34.12_dcbb6168\attempt-002\outputs\0001_2013-10-14_10.34.12_b155f4a6_jpegli_t80_0.jpg,77.39584227908406,4.423964884454363,80.81017612,40.7323337072388,,194.60470000922214,85,420,jpegli,False,False,C:\Users\LENOVO\Desktop\kyapture\benchmark-artifacts\jpeg-quick-screen\work\0013_2013-10-14_10.34.12_dcbb6168\attempt-002\references\0001_2013-10-14_10.34.12_b155f4a6.png,True
2013-10-14 10.34.12.jpg,C:\Users\LENOVO\Desktop\kyapture\benchmark\data\jpeg_real\2013-10-14 10.34.12.jpg,jpegli,85.0,selected,1199359,3813572,1536,2048,369150,1536,2048,JPEG,C:\Users\LENOVO\Desktop\kyapture\benchmark-artifacts\jpeg-quick-screen\work\0013_2013-10-14_10.34.12_dcbb6168\attempt-002\outputs\0001_2013-10-14_10.34.12_b155f4a6_jpegli_t85_0.jpg,69.22105891563743,3.2489746715427335,85.07438605,42.332840146148804,,167.9156000027433,90,420,jpegli,False,False,C:\Users\LENOVO\Desktop\kyapture\benchmark-artifacts\jpeg-quick-screen\work\0013_2013-10-14_10.34.12_dcbb6168\attempt-002\references\0001_2013-10-14_10.34.12_b155f4a6.png,True
2013-10-14 10.34.12.jpg,C:\Users\LENOVO\Desktop\kyapture\benchmark\data\jpeg_real\2013-10-14 10.34.12.jpg,jpegli,88.0,selected,1199359,3813572,1536,2048,524182,1536,2048,JPEG,C:\Users\LENOVO\Desktop\kyapture\benchmark-artifacts\jpeg-quick-screen\work\0013_2013-10-14_10.34.12_dcbb6168\attempt-002\outputs\0001_2013-10-14_10.34.12_b155f4a6_jpegli_t88_0.jpg,56.2948208167863,2.288058346146949,88.5075972,44.360110794229975,,234.7085000074003,94,420,jpegli,False,False,C:\Users\LENOVO\Desktop\kyapture\benchmark-artifacts\jpeg-quick-screen\work\0013_2013-10-14_10.34.12_dcbb6168\attempt-002\references\0001_2013-10-14_10.34.12_b155f4a6.png,True
2013-10-14 10.34.12.jpg,C:\Users\LENOVO\Desktop\kyapture\benchmark\data\jpeg_real\2013-10-14 10.34.12.jpg,jpegli,90.0,selected,1199359,3813572,1536,2048,695619,1536,2048,JPEG,C:\Users\LENOVO\Desktop\kyapture\benchmark-artifacts\jpeg-quick-screen\work\0013_2013-10-14_10.34.12_dcbb6168\attempt-002\outputs\0001_2013-10-14_10.34.12_b155f4a6_jpegli_t90_0.jpg,42.00076874397074,1.7241607834173591,90.5716358,46.16217562627324,,255.95309998607263,96,420,jpegli,False,False,C:\Users\LENOVO\Desktop\kyapture\benchmark-artifacts\jpeg-quick-screen\work\0013_2013-10-14_10.34.12_dcbb6168\attempt-002\references\0001_2013-10-14_10.34.12_b155f4a6.png,True
2013-10-14 10.34.12.jpg,C:\Users\LENOVO\Desktop\kyapture\benchmark\data\jpeg_real\2013-10-14 10.34.12.jpg,mozjpeg,80.0,selected,1199359,3813572,1536,2048,298547,1536,2048,JPEG,C:\Users\LENOVO\Desktop\kyapture\benchmark-artifacts\jpeg-quick-screen\work\0013_2013-10-14_10.34.12_dcbb6168\attempt-002\outputs\0001_2013-10-14_10.34.12_b155f4a6_mozjpeg_t80_0.jpg,75.10778674275176,4.017320555892372,80.67251753,41.354402467568804,,1035.6754000094952,83,420,mozjpeg,False,False,C:\Users\LENOVO\Desktop\kyapture\benchmark-artifacts\jpeg-quick-screen\work\0013_2013-10-14_10.34.12_dcbb6168\attempt-002\references\0001_2013-10-14_10.34.12_b155f4a6.png,True
2013-10-14 10.34.12.jpg,C:\Users\LENOVO\Desktop\kyapture\benchmark\data\jpeg_real\2013-10-14 10.34.12.jpg,mozjpeg,85.0,selected,1199359,3813572,1536,2048,432303,1536,2048,JPEG,C:\Users\LENOVO\Desktop\kyapture\benchmark-artifacts\jpeg-quick-screen\work\0013_2013-10-14_10.34.12_dcbb6168\attempt-002\outputs\0001_2013-10-14_10.34.12_b155f4a6_mozjpeg_t85_0.jpg,63.95549622756822,2.77434808456106,85.68769681,43.17562090841975,,1706.3702000014018,90,420,mozjpeg,False,False,C:\Users\LENOVO\Desktop\kyapture\benchmark-artifacts\jpeg-quick-screen\work\0013_2013-10-14_10.34.12_dcbb6168\attempt-002\references\0001_2013-10-14_10.34.12_b155f4a6.png,True
2013-10-14 10.34.12.jpg,C:\Users\LENOVO\Desktop\kyapture\benchmark\data\jpeg_real\2013-10-14 10.34.12.jpg,mozjpeg,88.0,selected,1199359,3813572,1536,2048,600086,1536,2048,JPEG,C:\Users\LENOVO\Desktop\kyapture\benchmark-artifacts\jpeg-quick-screen\work\0013_2013-10-14_10.34.12_dcbb6168\attempt-002\outputs\0001_2013-10-14_10.34.12_b155f4a6_mozjpeg_t88_0.jpg,49.96610689543331,1.998645194188833,88.65965953,45.18928944596997,,1834.7278000001097,94,420,mozjpeg,False,False,C:\Users\LENOVO\Desktop\kyapture\benchmark-artifacts\jpeg-quick-screen\work\0013_2013-10-14_10.34.12_dcbb6168\attempt-002\references\0001_2013-10-14_10.34.12_b155f4a6.png,True
2013-10-14 10.34.12.jpg,C:\Users\LENOVO\Desktop\kyapture\benchmark\data\jpeg_real\2013-10-14 10.34.12.jpg,mozjpeg,90.0,selected,1199359,3813572,1536,2048,785322,1536,2048,JPEG,C:\Users\LENOVO\Desktop\kyapture\benchmark-artifacts\jpeg-quick-screen\work\0013_2013-10-14_10.34.12_dcbb6168\attempt-002\outputs\0001_2013-10-14_10.34.12_b155f4a6_mozjpeg_t90_0.jpg,34.52152358051259,1.52721940808993,90.44575534,46.570287507124384,,1767.7315000037197,96,420,mozjpeg,False,False,C:\Users\LENOVO\Desktop\kyapture\benchmark-artifacts\jpeg-quick-screen\work\0013_2013-10-14_10.34.12_dcbb6168\attempt-002\references\0001_2013-10-14_10.34.12_b155f4a6.png,True
20140927_093336.jpg,C:\Users\LENOVO\Desktop\kyapture\benchmark\data\jpeg_real\20140927_093336.jpg,current,,selected,3687720,11626222,3264,1836,1759103,3264,1836,JPEG,C:\Users\LENOVO\Desktop\kyapture\benchmark-artifacts\jpeg-quick-screen\work\0005_20140927_093336_6f23ef60\attempt-002\outputs\0001_20140927_093336_23af0dd2_current.jpg,52.298357792891004,2.0963638854575315,81.3328073,35.08767219532507,,9110.48540000047,86,420,current,False,False,C:\Users\LENOVO\Desktop\kyapture\benchmark-artifacts\jpeg-quick-screen\work\0005_20140927_093336_6f23ef60\attempt-002\references\0001_20140927_093336_23af0dd2.png,True
20140927_093336.jpg,C:\Users\LENOVO\Desktop\kyapture\benchmark\data\jpeg_real\20140927_093336.jpg,jpegli,80.0,selected,3687720,11626222,3264,1836,1597219,3264,1836,JPEG,C:\Users\LENOVO\Desktop\kyapture\benchmark-artifacts\jpeg-quick-screen\work\0005_20140927_093336_6f23ef60\attempt-002\outputs\0001_20140927_093336_23af0dd2_jpegli_t80_0.jpg,56.68817046847374,2.308838049134151,80.72770772,35.12393496528862,,543.3468999981415,88,420,jpegli,False,False,C:\Users\LENOVO\Desktop\kyapture\benchmark-artifacts\jpeg-quick-screen\work\0005_20140927_093336_6f23ef60\attempt-002\references\0001_20140927_093336_23af0dd2.png,True
20140927_093336.jpg,C:\Users\LENOVO\Desktop\kyapture\benchmark\data\jpeg_real\20140927_093336.jpg,jpegli,85.0,selected,3687720,11626222,3264,1836,2263109,3264,1836,JPEG,C:\Users\LENOVO\Desktop\kyapture\benchmark-artifacts\jpeg-quick-screen\work\0005_20140927_093336_6f23ef60\attempt-002\outputs\0001_20140927_093336_23af0dd2_jpegli_t85_0.jpg,38.63121386656254,1.6294928790438286,86.46411539,38.07654697987854,,469.9642000050517,93,420,jpegli,False,False,C:\Users\LENOVO\Desktop\kyapture\benchmark-artifacts\jpeg-quick-screen\work\0005_20140927_093336_6f23ef60\attempt-002\references\0001_20140927_093336_23af0dd2.png,False
20140927_093336.jpg,C:\Users\LENOVO\Desktop\kyapture\benchmark\data\jpeg_real\20140927_093336.jpg,jpegli,88.0,selected,3687720,11626222,3264,1836,2712181,3264,1836,JPEG,C:\Users\LENOVO\Desktop\kyapture\benchmark-artifacts\jpeg-quick-screen\work\0005_20140927_093336_6f23ef60\attempt-002\outputs\0001_20140927_093336_23af0dd2_jpegli_t88_0.jpg,26.453716659616244,1.3596880149223078,89.00973787,40.02338206402978,,651.3014000083786,95,420,jpegli,False,False,C:\Users\LENOVO\Desktop\kyapture\benchmark-artifacts\jpeg-quick-screen\work\0005_20140927_093336_6f23ef60\attempt-002\references\0001_20140927_093336_23af0dd2.png,False
20140927_093336.jpg,C:\Users\LENOVO\Desktop\kyapture\benchmark\data\jpeg_real\20140927_093336.jpg,jpegli,90.0,selected,3687720,11626222,3264,1836,2922737,3264,1836,JPEG,C:\Users\LENOVO\Desktop\kyapture\benchmark-artifacts\jpeg-quick-screen\work\0005_20140927_093336_6f23ef60\attempt-002\outputs\0001_20140927_093336_23af0dd2_jpegli_t90_0.jpg,20.744064082956402,1.2617351475688712,90.06503672,41.131989191922926,,677.4283000122523,96,420,jpegli,False,False,C:\Users\LENOVO\Desktop\kyapture\benchmark-artifacts\jpeg-quick-screen\work\0005_20140927_093336_6f23ef60\attempt-002\references\0001_20140927_093336_23af0dd2.png,True
20140927_093336.jpg,C:\Users\LENOVO\Desktop\kyapture\benchmark\data\jpeg_real\20140927_093336.jpg,mozjpeg,80.0,selected,3687720,11626222,3264,1836,1452352,3264,1836,JPEG,C:\Users\LENOVO\Desktop\kyapture\benchmark-artifacts\jpeg-quick-screen\work\0005_20140927_093336_6f23ef60\attempt-002\outputs\0001_20140927_093336_23af0dd2_mozjpeg_t80_0.jpg,60.616532708557045,2.5391365178689465,80.06375326,34.576649049252744,,5231.179499998689,85,420,mozjpeg,False,False,C:\Users\LENOVO\Desktop\kyapture\benchmark-artifacts\jpeg-quick-screen\work\0005_20140927_093336_6f23ef60\attempt-002\references\0001_20140927_093336_23af0dd2.png,True
20140927_093336.jpg,C:\Users\LENOVO\Desktop\kyapture\benchmark\data\jpeg_real\20140927_093336.jpg,mozjpeg,85.0,selected,3687720,11626222,3264,1836,2038355,3264,1836,JPEG,C:\Users\LENOVO\Desktop\kyapture\benchmark-artifacts\jpeg-quick-screen\work\0005_20140927_093336_6f23ef60\attempt-002\outputs\0001_20140927_093336_23af0dd2_mozjpeg_t85_0.jpg,44.72587398175566,1.809164743138462,85.12889723,37.040528163844684,,4047.1279000048526,92,420,mozjpeg,False,False,C:\Users\LENOVO\Desktop\kyapture\benchmark-artifacts\jpeg-quick-screen\work\0005_20140927_093336_6f23ef60\attempt-002\references\0001_20140927_093336_23af0dd2.png,True
20140927_093336.jpg,C:\Users\LENOVO\Desktop\kyapture\benchmark\data\jpeg_real\20140927_093336.jpg,mozjpeg,88.0,selected,3687720,11626222,3264,1836,2973645,3264,1836,JPEG,C:\Users\LENOVO\Desktop\kyapture\benchmark-artifacts\jpeg-quick-screen\work\0005_20140927_093336_6f23ef60\attempt-002\outputs\0001_20140927_093336_23af0dd2_mozjpeg_t88_0.jpg,19.363590511210184,1.2401345823055543,89.47439352,40.672651882760206,,5991.659400009667,96,420,mozjpeg,False,False,C:\Users\LENOVO\Desktop\kyapture\benchmark-artifacts\jpeg-quick-screen\work\0005_20140927_093336_6f23ef60\attempt-002\references\0001_20140927_093336_23af0dd2.png,False
20140927_093336.jpg,C:\Users\LENOVO\Desktop\kyapture\benchmark\data\jpeg_real\20140927_093336.jpg,mozjpeg,90.0,selected,3687720,11626222,3264,1836,3217963,3264,1836,JPEG,C:\Users\LENOVO\Desktop\kyapture\benchmark-artifacts\jpeg-quick-screen\work\0005_20140927_093336_6f23ef60\attempt-002\outputs\0001_20140927_093336_23af0dd2_mozjpeg_t90_0.jpg,12.738412894688322,1.1459796150546169,90.36953634,41.970309239952925,,6979.790400000638,97,420,mozjpeg,False,False,C:\Users\LENOVO\Desktop\kyapture\benchmark-artifacts\jpeg-quick-screen\work\0005_20140927_093336_6f23ef60\attempt-002\references\0001_20140927_093336_23af0dd2.png,True
20140927_093337.jpg,C:\Users\LENOVO\Desktop\kyapture\benchmark\data\jpeg_real\20140927_093337.jpg,current,,selected,3721478,11695205,3264,1836,1772991,3264,1836,JPEG,C:\Users\LENOVO\Desktop\kyapture\benchmark-artifacts\jpeg-quick-screen\work\0003_20140927_093337_bd5299c7\attempt-002\outputs\0001_20140927_093337_71b4ee5b_current.jpg,52.357880390533005,2.098983017962302,81.3977517,35.00009608855029,,9255.217900004936,86,420,current,False,False,C:\Users\LENOVO\Desktop\kyapture\benchmark-artifacts\jpeg-quick-screen\work\0003_20140927_093337_bd5299c7\attempt-002\references\0001_20140927_093337_71b4ee5b.png,True
20140927_093337.jpg,C:\Users\LENOVO\Desktop\kyapture\benchmark\data\jpeg_real\20140927_093337.jpg,jpegli,80.0,selected,3721478,11695205,3264,1836,1615013,3264,1836,JPEG,C:\Users\LENOVO\Desktop\kyapture\benchmark-artifacts\jpeg-quick-screen\work\0003_20140927_093337_bd5299c7\attempt-002\outputs\0001_20140927_093337_71b4ee5b_jpegli_t80_0.jpg,56.60291421849062,2.3043021944714996,80.98454834,35.06590265017127,,405.06839999579825,88,420,jpegli,False,False,C:\Users\LENOVO\Desktop\kyapture\benchmark-artifacts\jpeg-quick-screen\work\0003_20140927_093337_bd5299c7\attempt-002\references\0001_20140927_093337_71b4ee5b.png,True
20140927_093337.jpg,C:\Users\LENOVO\Desktop\kyapture\benchmark\data\jpeg_real\20140927_093337.jpg,jpegli,85.0,selected,3721478,11695205,3264,1836,2288691,3264,1836,JPEG,C:\Users\LENOVO\Desktop\kyapture\benchmark-artifacts\jpeg-quick-screen\work\0003_20140927_093337_bd5299c7\attempt-002\outputs\0001_20140927_093337_71b4ee5b_jpegli_t85_0.jpg,38.50048287266511,1.6260290270726805,86.64273431,38.01631255309764,,587.3172999999952,93,420,jpegli,False,False,C:\Users\LENOVO\Desktop\kyapture\benchmark-artifacts\jpeg-quick-screen\work\0003_20140927_093337_bd5299c7\attempt-002\references\0001_20140927_093337_71b4ee5b.png,False
20140927_093337.jpg,C:\Users\LENOVO\Desktop\kyapture\benchmark\data\jpeg_real\20140927_093337.jpg,jpegli,88.0,selected,3721478,11695205,3264,1836,2739368,3264,1836,JPEG,C:\Users\LENOVO\Desktop\kyapture\benchmark-artifacts\jpeg-quick-screen\work\0003_20140927_093337_bd5299c7\attempt-002\outputs\0001_20140927_093337_71b4ee5b_jpegli_t88_0.jpg,26.390321264830796,1.358517001001691,89.19321886,39.93542608058561,,740.9912000002805,95,420,jpegli,False,False,C:\Users\LENOVO\Desktop\kyapture\benchmark-artifacts\jpeg-quick-screen\work\0003_20140927_093337_bd5299c7\attempt-002\references\0001_20140927_093337_71b4ee5b.png,False
20140927_093337.jpg,C:\Users\LENOVO\Desktop\kyapture\benchmark\data\jpeg_real\20140927_093337.jpg,jpegli,90.0,selected,3721478,11695205,3264,1836,2949527,3264,1836,JPEG,C:\Users\LENOVO\Desktop\kyapture\benchmark-artifacts\jpeg-quick-screen\work\0003_20140927_093337_bd5299c7\attempt-002\outputs\0001_20140927_093337_71b4ee5b_jpegli_t90_0.jpg,20.74312947705186,1.2617202690465286,90.13746244,41.02392772193893,,751.7092000052799,96,420,jpegli,False,False,C:\Users\LENOVO\Desktop\kyapture\benchmark-artifacts\jpeg-quick-screen\work\0003_20140927_093337_bd5299c7\attempt-002\references\0001_20140927_093337_71b4ee5b.png,True
20140927_093337.jpg,C:\Users\LENOVO\Desktop\kyapture\benchmark\data\jpeg_real\20140927_093337.jpg,mozjpeg,80.0,selected,3721478,11695205,3264,1836,1467163,3264,1836,JPEG,C:\Users\LENOVO\Desktop\kyapture\benchmark-artifacts\jpeg-quick-screen\work\0003_20140927_093337_bd5299c7\attempt-002\outputs\0001_20140927_093337_71b4ee5b_mozjpeg_t80_0.jpg,60.575798110320676,2.5365129845831715,80.19535418,34.52253190361739,,2144.027599992114,85,420,mozjpeg,False,False,C:\Users\LENOVO\Desktop\kyapture\benchmark-artifacts\jpeg-quick-screen\work\0003_20140927_093337_bd5299c7\attempt-002\references\0001_20140927_093337_71b4ee5b.png,True
20140927_093337.jpg,C:\Users\LENOVO\Desktop\kyapture\benchmark\data\jpeg_real\20140927_093337.jpg,mozjpeg,85.0,selected,3721478,11695205,3264,1836,2055572,3264,1836,JPEG,C:\Users\LENOVO\Desktop\kyapture\benchmark-artifacts\jpeg-quick-screen\work\0003_20140927_093337_bd5299c7\attempt-002\outputs\0001_20140927_093337_71b4ee5b_mozjpeg_t85_0.jpg,44.764633836341375,1.8104342732825704,85.19416695,36.96138228660483,,2754.984400002286,92,420,mozjpeg,False,False,C:\Users\LENOVO\Desktop\kyapture\benchmark-artifacts\jpeg-quick-screen\work\0003_20140927_093337_bd5299c7\attempt-002\references\0001_20140927_093337_71b4ee5b.png,True
20140927_093337.jpg,C:\Users\LENOVO\Desktop\kyapture\benchmark\data\jpeg_real\20140927_093337.jpg,mozjpeg,88.0,selected,3721478,11695205,3264,1836,2995599,3264,1836,JPEG,C:\Users\LENOVO\Desktop\kyapture\benchmark-artifacts\jpeg-quick-screen\work\0003_20140927_093337_bd5299c7\attempt-002\outputs\0001_20140927_093337_71b4ee5b_mozjpeg_t88_0.jpg,19.505126726531774,1.2423151429814203,89.47802399,40.568357721520215,,4261.161999995238,96,420,mozjpeg,False,False,C:\Users\LENOVO\Desktop\kyapture\benchmark-artifacts\jpeg-quick-screen\work\0003_20140927_093337_bd5299c7\attempt-002\references\0001_20140927_093337_71b4ee5b.png,False
20140927_093337.jpg,C:\Users\LENOVO\Desktop\kyapture\benchmark\data\jpeg_real\20140927_093337.jpg,mozjpeg,90.0,selected,3721478,11695205,3264,1836,3239735,3264,1836,JPEG,C:\Users\LENOVO\Desktop\kyapture\benchmark-artifacts\jpeg-quick-screen\work\0003_20140927_093337_bd5299c7\attempt-002\outputs\0001_20140927_093337_71b4ee5b_mozjpeg_t90_0.jpg,12.944937468392936,1.1486982731612307,90.3295915,41.85277877357948,,4542.440000004717,97,420,mozjpeg,False,False,C:\Users\LENOVO\Desktop\kyapture\benchmark-artifacts\jpeg-quick-screen\work\0003_20140927_093337_bd5299c7\attempt-002\references\0001_20140927_093337_71b4ee5b.png,True
20141003_202621.jpg,C:\Users\LENOVO\Desktop\kyapture\benchmark\data\jpeg_real\20141003_202621.jpg,current,,selected,2132198,7376733,3264,1836,801574,3264,1836,JPEG,C:\Users\LENOVO\Desktop\kyapture\benchmark-artifacts\jpeg-quick-screen\work\0014_20141003_202621_444a2212\attempt-002\outputs\0001_20141003_202621_28fecf2a_current.jpg,62.40621180584542,2.6600139226072703,80.20066426,40.04683383099953,,7975.179900007788,84,420,current,False,False,C:\Users\LENOVO\Desktop\kyapture\benchmark-artifacts\jpeg-quick-screen\work\0014_20141003_202621_444a2212\attempt-002\references\0001_20141003_202621_28fecf2a.png,True
20141003_202621.jpg,C:\Users\LENOVO\Desktop\kyapture\benchmark\data\jpeg_real\20141003_202621.jpg,jpegli,80.0,selected,2132198,7376733,3264,1836,701668,3264,1836,JPEG,C:\Users\LENOVO\Desktop\kyapture\benchmark-artifacts\jpeg-quick-screen\work\0014_20141003_202621_444a2212\attempt-002\outputs\0001_20141003_202621_28fecf2a_jpegli_t80_0.jpg,67.09179916686911,3.0387562208907917,80.45455304,40.3090647033728,,309.27660000452306,89,420,jpegli,False,False,C:\Users\LENOVO\Desktop\kyapture\benchmark-artifacts\jpeg-quick-screen\work\0014_20141003_202621_444a2212\attempt-002\references\0001_20141003_202621_28fecf2a.png,True
20141003_202621.jpg,C:\Users\LENOVO\Desktop\kyapture\benchmark\data\jpeg_real\20141003_202621.jpg,jpegli,85.0,selected,2132198,7376733,3264,1836,1148048,3264,1836,JPEG,C:\Users\LENOVO\Desktop\kyapture\benchmark-artifacts\jpeg-quick-screen\work\0014_20141003_202621_444a2212\attempt-002\outputs\0001_20141003_202621_28fecf2a_jpegli_t85_0.jpg,46.15659521301493,1.8572376764734575,86.05192002,43.37999330660872,,435.31510001048446,93,420,jpegli,False,False,C:\Users\LENOVO\Desktop\kyapture\benchmark-artifacts\jpeg-quick-screen\work\0014_20141003_202621_444a2212\attempt-002\references\0001_20141003_202621_28fecf2a.png,False
20141003_202621.jpg,C:\Users\LENOVO\Desktop\kyapture\benchmark\data\jpeg_real\20141003_202621.jpg,jpegli,88.0,selected,2132198,7376733,3264,1836,1495500,3264,1836,JPEG,C:\Users\LENOVO\Desktop\kyapture\benchmark-artifacts\jpeg-quick-screen\work\0014_20141003_202621_444a2212\attempt-002\outputs\0001_20141003_202621_28fecf2a_jpegli_t88_0.jpg,29.861110459722784,1.4257425610163825,89.36630698,46.259552627224174,,449.3495000060648,95,420,jpegli,False,False,C:\Users\LENOVO\Desktop\kyapture\benchmark-artifacts\jpeg-quick-screen\work\0014_20141003_202621_444a2212\attempt-002\references\0001_20141003_202621_28fecf2a.png,False
20141003_202621.jpg,C:\Users\LENOVO\Desktop\kyapture\benchmark\data\jpeg_real\20141003_202621.jpg,jpegli,90.0,selected,2132198,7376733,3264,1836,1620857,3264,1836,JPEG,C:\Users\LENOVO\Desktop\kyapture\benchmark-artifacts\jpeg-quick-screen\work\0014_20141003_202621_444a2212\attempt-002\outputs\0001_20141003_202621_28fecf2a_jpegli_t90_0.jpg,23.981872227626145,1.3154757020514456,90.42968916,47.72801882287618,,473.32570000435226,96,420,jpegli,False,False,C:\Users\LENOVO\Desktop\kyapture\benchmark-artifacts\jpeg-quick-screen\work\0014_20141003_202621_444a2212\attempt-002\references\0001_20141003_202621_28fecf2a.png,True
20141003_202621.jpg,C:\Users\LENOVO\Desktop\kyapture\benchmark\data\jpeg_real\20141003_202621.jpg,mozjpeg,80.0,selected,2132198,7376733,3264,1836,659287,3264,1836,JPEG,C:\Users\LENOVO\Desktop\kyapture\benchmark-artifacts\jpeg-quick-screen\work\0014_20141003_202621_444a2212\attempt-002\outputs\0001_20141003_202621_28fecf2a_mozjpeg_t80_0.jpg,69.0794663535,3.2340968349140815,80.08586984,39.9703759659804,,1822.4693999945885,86,420,mozjpeg,False,False,C:\Users\LENOVO\Desktop\kyapture\benchmark-artifacts\jpeg-quick-screen\work\0014_20141003_202621_444a2212\attempt-002\references\0001_20141003_202621_28fecf2a.png,True
20141003_202621.jpg,C:\Users\LENOVO\Desktop\kyapture\benchmark\data\jpeg_real\20141003_202621.jpg,mozjpeg,85.0,selected,2132198,7376733,3264,1836,1033620,3264,1836,JPEG,C:\Users\LENOVO\Desktop\kyapture\benchmark-artifacts\jpeg-quick-screen\work\0014_20141003_202621_444a2212\attempt-002\outputs\0001_20141003_202621_28fecf2a_mozjpeg_t85_0.jpg,51.523263786946615,2.0628451461852517,85.06004538,41.91386322669289,,2585.9741999884136,92,420,mozjpeg,False,False,C:\Users\LENOVO\Desktop\kyapture\benchmark-artifacts\jpeg-quick-screen\work\0014_20141003_202621_444a2212\attempt-002\references\0001_20141003_202621_28fecf2a.png,True
20141003_202621.jpg,C:\Users\LENOVO\Desktop\kyapture\benchmark\data\jpeg_real\20141003_202621.jpg,mozjpeg,88.0,selected,2132198,7376733,3264,1836,1356416,3264,1836,JPEG,C:\Users\LENOVO\Desktop\kyapture\benchmark-artifacts\jpeg-quick-screen\work\0014_20141003_202621_444a2212\attempt-002\outputs\0001_20141003_202621_28fecf2a_mozjpeg_t88_0.jpg,36.384144436867494,1.5719351585354346,88.25998143,43.850779553541635,,3225.7734000013443,94,420,mozjpeg,False,False,C:\Users\LENOVO\Desktop\kyapture\benchmark-artifacts\jpeg-quick-screen\work\0014_20141003_202621_444a2212\attempt-002\references\0001_20141003_202621_28fecf2a.png,True
20141003_202621.jpg,C:\Users\LENOVO\Desktop\kyapture\benchmark\data\jpeg_real\20141003_202621.jpg,mozjpeg,90.0,selected,2132198,7376733,3264,1836,1810085,3264,1836,JPEG,C:\Users\LENOVO\Desktop\kyapture\benchmark-artifacts\jpeg-quick-screen\work\0014_20141003_202621_444a2212\attempt-002\outputs\0001_20141003_202621_28fecf2a_mozjpeg_t90_0.jpg,15.107086677691283,1.1779546264401948,91.67689914,48.301805366730946,,3593.1637000030605,96,420,mozjpeg,False,False,C:\Users\LENOVO\Desktop\kyapture\benchmark-artifacts\jpeg-quick-screen\work\0014_20141003_202621_444a2212\attempt-002\references\0001_20141003_202621_28fecf2a.png,False
20150506_192925.jpg,C:\Users\LENOVO\Desktop\kyapture\benchmark\data\jpeg_real\20150506_192925.jpg,current,,selected,2132094,6986101,2448,3264,835425,2448,3264,JPEG,C:\Users\LENOVO\Desktop\kyapture\benchmark-artifacts\jpeg-quick-screen\work\0015_20150506_192925_d3d9d976\attempt-002\outputs\0001_20150506_192925_5343bc95_current.jpg,60.81669007088806,2.5521070114013824,82.86539405,43.32696976197421,,10254.646400004276,84,420,current,False,False,C:\Users\LENOVO\Desktop\kyapture\benchmark-artifacts\jpeg-quick-screen\work\0015_20150506_192925_d3d9d976\attempt-002\references\0001_20150506_192925_5343bc95.png,True
20150506_192925.jpg,C:\Users\LENOVO\Desktop\kyapture\benchmark\data\jpeg_real\20150506_192925.jpg,jpegli,80.0,selected,2132094,6986101,2448,3264,550368,2448,3264,JPEG,C:\Users\LENOVO\Desktop\kyapture\benchmark-artifacts\jpeg-quick-screen\work\0015_20150506_192925_d3d9d976\attempt-002\outputs\0001_20150506_192925_5343bc95_jpegli_t80_0.jpg,74.18650397215131,3.87394252572824,80.648293,42.3807227505977,,278.73219999310095,86,420,jpegli,False,False,C:\Users\LENOVO\Desktop\kyapture\benchmark-artifacts\jpeg-quick-screen\work\0015_20150506_192925_d3d9d976\attempt-002\references\0001_20150506_192925_5343bc95.png,True
20150506_192925.jpg,C:\Users\LENOVO\Desktop\kyapture\benchmark\data\jpeg_real\20150506_192925.jpg,jpegli,85.0,selected,2132094,6986101,2448,3264,882950,2448,3264,JPEG,C:\Users\LENOVO\Desktop\kyapture\benchmark-artifacts\jpeg-quick-screen\work\0015_20150506_192925_d3d9d976\attempt-002\outputs\0001_20150506_192925_5343bc95_jpegli_t85_0.jpg,58.58766076917809,2.4147392264567644,85.24073063,44.55727650600095,,452.21429999219254,92,420,jpegli,False,False,C:\Users\LENOVO\Desktop\kyapture\benchmark-artifacts\jpeg-quick-screen\work\0015_20150506_192925_d3d9d976\attempt-002\references\0001_20150506_192925_5343bc95.png,True
20150506_192925.jpg,C:\Users\LENOVO\Desktop\kyapture\benchmark\data\jpeg_real\20150506_192925.jpg,jpegli,88.0,selected,2132094,6986101,2448,3264,1363972,2448,3264,JPEG,C:\Users\LENOVO\Desktop\kyapture\benchmark-artifacts\jpeg-quick-screen\work\0015_20150506_192925_d3d9d976\attempt-002\outputs\0001_20150506_192925_5343bc95_jpegli_t88_0.jpg,36.026647980811354,1.5631508564691943,88.97310281,47.77565976661565,,449.3936999933794,95,420,jpegli,False,False,C:\Users\LENOVO\Desktop\kyapture\benchmark-artifacts\jpeg-quick-screen\work\0015_20150506_192925_d3d9d976\attempt-002\references\0001_20150506_192925_5343bc95.png,True
20150506_192925.jpg,C:\Users\LENOVO\Desktop\kyapture\benchmark\data\jpeg_real\20150506_192925.jpg,jpegli,90.0,selected,2132094,6986101,2448,3264,1695570,2448,3264,JPEG,C:\Users\LENOVO\Desktop\kyapture\benchmark-artifacts\jpeg-quick-screen\work\0015_20150506_192925_d3d9d976\attempt-002\outputs\0001_20150506_192925_5343bc95_jpegli_t90_0.jpg,20.473956589156018,1.257449707178117,90.33512885,49.94659813166311,,595.6379999988712,97,420,jpegli,False,False,C:\Users\LENOVO\Desktop\kyapture\benchmark-artifacts\jpeg-quick-screen\work\0015_20150506_192925_d3d9d976\attempt-002\references\0001_20150506_192925_5343bc95.png,True
20150506_192925.jpg,C:\Users\LENOVO\Desktop\kyapture\benchmark\data\jpeg_real\20150506_192925.jpg,mozjpeg,80.0,selected,2132094,6986101,2448,3264,583566,2448,3264,JPEG,C:\Users\LENOVO\Desktop\kyapture\benchmark-artifacts\jpeg-quick-screen\work\0015_20150506_192925_d3d9d976\attempt-002\outputs\0001_20150506_192925_5343bc95_mozjpeg_t80_0.jpg,72.62944316713991,3.6535610367978943,80.97429705,42.517177947043905,,2198.5814000072423,83,420,mozjpeg,False,False,C:\Users\LENOVO\Desktop\kyapture\benchmark-artifacts\jpeg-quick-screen\work\0015_20150506_192925_d3d9d976\attempt-002\references\0001_20150506_192925_5343bc95.png,True
20150506_192925.jpg,C:\Users\LENOVO\Desktop\kyapture\benchmark\data\jpeg_real\20150506_192925.jpg,mozjpeg,85.0,selected,2132094,6986101,2448,3264,896755,2448,3264,JPEG,C:\Users\LENOVO\Desktop\kyapture\benchmark-artifacts\jpeg-quick-screen\work\0015_20150506_192925_d3d9d976\attempt-002\outputs\0001_20150506_192925_5343bc95_mozjpeg_t85_0.jpg,57.940175245556716,2.377565778835914,86.24694324,44.49924337257627,,3876.4152999938233,90,420,mozjpeg,False,False,C:\Users\LENOVO\Desktop\kyapture\benchmark-artifacts\jpeg-quick-screen\work\0015_20150506_192925_d3d9d976\attempt-002\references\0001_20150506_192925_5343bc95.png,False
20150506_192925.jpg,C:\Users\LENOVO\Desktop\kyapture\benchmark\data\jpeg_real\20150506_192925.jpg,mozjpeg,88.0,selected,2132094,6986101,2448,3264,1152546,2448,3264,JPEG,C:\Users\LENOVO\Desktop\kyapture\benchmark-artifacts\jpeg-quick-screen\work\0015_20150506_192925_d3d9d976\attempt-002\outputs\0001_20150506_192925_5343bc95_mozjpeg_t88_0.jpg,45.943002513022414,1.8498992664934848,88.56323014,45.916126400151775,,3545.153700004448,93,420,mozjpeg,False,False,C:\Users\LENOVO\Desktop\kyapture\benchmark-artifacts\jpeg-quick-screen\work\0015_20150506_192925_d3d9d976\attempt-002\references\0001_20150506_192925_5343bc95.png,True
20150506_192925.jpg,C:\Users\LENOVO\Desktop\kyapture\benchmark\data\jpeg_real\20150506_192925.jpg,mozjpeg,90.0,selected,2132094,6986101,2448,3264,1829643,2448,3264,JPEG,C:\Users\LENOVO\Desktop\kyapture\benchmark-artifacts\jpeg-quick-screen\work\0015_20150506_192925_d3d9d976\attempt-002\outputs\0001_20150506_192925_5343bc95_mozjpeg_t90_0.jpg,14.18563159035202,1.1653060187151263,91.37700159,51.46579077908406,,5737.839300010819,96,420,mozjpeg,False,False,C:\Users\LENOVO\Desktop\kyapture\benchmark-artifacts\jpeg-quick-screen\work\0015_20150506_192925_d3d9d976\attempt-002\references\0001_20150506_192925_5343bc95.png,False
20150508_130002-1.jpg,C:\Users\LENOVO\Desktop\kyapture\benchmark\data\jpeg_real\20150508_130002-1.jpg,current,,selected,2834749,5576087,1723,2558,598290,1723,2558,JPEG,C:\Users\LENOVO\Desktop\kyapture\benchmark-artifacts\jpeg-quick-screen\work\0001_20150508_130002-1_3c60d488\attempt-002\outputs\0001_20150508_130002-1_bb0243ab_current.jpg,78.89442769007063,4.738085209513781,82.94486522,40.84673652763943,,5250.739399998565,84,420,current,False,False,C:\Users\LENOVO\Desktop\kyapture\benchmark-artifacts\jpeg-quick-screen\work\0001_20150508_130002-1_3c60d488\attempt-002\references\0001_20150508_130002-1_bb0243ab.png,True
20150508_130002-1.jpg,C:\Users\LENOVO\Desktop\kyapture\benchmark\data\jpeg_real\20150508_130002-1.jpg,jpegli,80.0,selected,2834749,5576087,1723,2558,426606,1723,2558,JPEG,C:\Users\LENOVO\Desktop\kyapture\benchmark-artifacts\jpeg-quick-screen\work\0001_20150508_130002-1_3c60d488\attempt-002\outputs\0001_20150508_130002-1_bb0243ab_jpegli_t80_0.jpg,84.95083691713093,6.64488778873246,80.67160737,40.03610672375168,,160.20050000224728,85,420,jpegli,False,False,C:\Users\LENOVO\Desktop\kyapture\benchmark-artifacts\jpeg-quick-screen\work\0001_20150508_130002-1_3c60d488\attempt-002\references\0001_20150508_130002-1_bb0243ab.png,True
20150508_130002-1.jpg,C:\Users\LENOVO\Desktop\kyapture\benchmark\data\jpeg_real\20150508_130002-1.jpg,jpegli,85.0,selected,2834749,5576087,1723,2558,733114,1723,2558,JPEG,C:\Users\LENOVO\Desktop\kyapture\benchmark-artifacts\jpeg-quick-screen\work\0001_20150508_130002-1_3c60d488\attempt-002\outputs\0001_20150508_130002-1_bb0243ab_jpegli_t85_0.jpg,74.13830995266247,3.8667233199747923,85.90078103,42.705445421348706,,207.97319999837782,93,420,jpegli,False,False,C:\Users\LENOVO\Desktop\kyapture\benchmark-artifacts\jpeg-quick-screen\work\0001_20150508_130002-1_3c60d488\attempt-002\references\0001_20150508_130002-1_bb0243ab.png,True
20150508_130002-1.jpg,C:\Users\LENOVO\Desktop\kyapture\benchmark\data\jpeg_real\20150508_130002-1.jpg,jpegli,88.0,selected,2834749,5576087,1723,2558,1047507,1723,2558,JPEG,C:\Users\LENOVO\Desktop\kyapture\benchmark-artifacts\jpeg-quick-screen\work\0001_20150508_130002-1_3c60d488\attempt-002\outputs\0001_20150508_130002-1_bb0243ab_jpegli_t88_0.jpg,63.04762784994369,2.7061862116434545,88.2283257,44.59374809001672,,239.92469999939203,96,420,jpegli,False,False,C:\Users\LENOVO\Desktop\kyapture\benchmark-artifacts\jpeg-quick-screen\work\0001_20150508_130002-1_3c60d488\attempt-002\references\0001_20150508_130002-1_bb0243ab.png,True
20150508_130002-1.jpg,C:\Users\LENOVO\Desktop\kyapture\benchmark\data\jpeg_real\20150508_130002-1.jpg,jpegli,90.0,selected,2834749,5576087,1723,2558,1973107,1723,2558,JPEG,C:\Users\LENOVO\Desktop\kyapture\benchmark-artifacts\jpeg-quick-screen\work\0001_20150508_130002-1_3c60d488\attempt-002\outputs\0001_20150508_130002-1_bb0243ab_jpegli_t90_0.jpg,30.39570699204762,1.4366929923212477,90.83818198,48.321243227806015,,293.54959999909624,99,420,jpegli,False,False,C:\Users\LENOVO\Desktop\kyapture\benchmark-artifacts\jpeg-quick-screen\work\0001_20150508_130002-1_3c60d488\attempt-002\references\0001_20150508_130002-1_bb0243ab.png,True
20150508_130002-1.jpg,C:\Users\LENOVO\Desktop\kyapture\benchmark\data\jpeg_real\20150508_130002-1.jpg,mozjpeg,80.0,selected,2834749,5576087,1723,2558,426150,1723,2558,JPEG,C:\Users\LENOVO\Desktop\kyapture\benchmark-artifacts\jpeg-quick-screen\work\0001_20150508_130002-1_3c60d488\attempt-002\outputs\0001_20150508_130002-1_bb0243ab_mozjpeg_t80_0.jpg,84.9669229974153,6.65199812272674,80.18430083,39.85830675175824,,608.1638000032399,82,420,mozjpeg,False,False,C:\Users\LENOVO\Desktop\kyapture\benchmark-artifacts\jpeg-quick-screen\work\0001_20150508_130002-1_3c60d488\attempt-002\references\0001_20150508_130002-1_bb0243ab.png,True
20150508_130002-1.jpg,C:\Users\LENOVO\Desktop\kyapture\benchmark\data\jpeg_real\20150508_130002-1.jpg,mozjpeg,85.0,selected,2834749,5576087,1723,2558,641640,1723,2558,JPEG,C:\Users\LENOVO\Desktop\kyapture\benchmark-artifacts\jpeg-quick-screen\work\0001_20150508_130002-1_3c60d488\attempt-002\outputs\0001_20150508_130002-1_bb0243ab_mozjpeg_t85_0.jpg,77.36519176830117,4.417974253475469,85.34566849,41.681880228516604,,825.2152999921236,90,420,mozjpeg,False,False,C:\Users\LENOVO\Desktop\kyapture\benchmark-artifacts\jpeg-quick-screen\work\0001_20150508_130002-1_3c60d488\attempt-002\references\0001_20150508_130002-1_bb0243ab.png,True
20150508_130002-1.jpg,C:\Users\LENOVO\Desktop\kyapture\benchmark\data\jpeg_real\20150508_130002-1.jpg,mozjpeg,88.0,selected,2834749,5576087,1723,2558,971899,1723,2558,JPEG,C:\Users\LENOVO\Desktop\kyapture\benchmark-artifacts\jpeg-quick-screen\work\0001_20150508_130002-1_3c60d488\attempt-002\outputs\0001_20150508_130002-1_bb0243ab_mozjpeg_t88_0.jpg,65.71481284586396,2.9167115101466305,88.02131538,43.76314681477667,,1466.370599999209,95,420,mozjpeg,False,False,C:\Users\LENOVO\Desktop\kyapture\benchmark-artifacts\jpeg-quick-screen\work\0001_20150508_130002-1_3c60d488\attempt-002\references\0001_20150508_130002-1_bb0243ab.png,True
20150508_130002-1.jpg,C:\Users\LENOVO\Desktop\kyapture\benchmark\data\jpeg_real\20150508_130002-1.jpg,mozjpeg,90.0,selected,2834749,5576087,1723,2558,1643863,1723,2558,JPEG,C:\Users\LENOVO\Desktop\kyapture\benchmark-artifacts\jpeg-quick-screen\work\0001_20150508_130002-1_3c60d488\attempt-002\outputs\0001_20150508_130002-1_bb0243ab_mozjpeg_t90_0.jpg,42.010280275255404,1.7244435819773303,90.53379447,46.81207421510925,,2542.514899992966,98,420,mozjpeg,False,False,C:\Users\LENOVO\Desktop\kyapture\benchmark-artifacts\jpeg-quick-screen\work\0001_20150508_130002-1_3c60d488\attempt-002\references\0001_20150508_130002-1_bb0243ab.png,True
20150508_130700.jpg,C:\Users\LENOVO\Desktop\kyapture\benchmark\data\jpeg_real\20150508_130700.jpg,current,,selected,2534246,8144835,2025,3600,861009,2025,3600,JPEG,C:\Users\LENOVO\Desktop\kyapture\benchmark-artifacts\jpeg-quick-screen\work\0012_20150508_130700_9542b222\attempt-002\outputs\0001_20150508_130700_c5c4b339_current.jpg,66.0250425570367,2.9433443785140456,83.71562684,42.15060988737035,,9984.979600005317,84,420,current,False,False,C:\Users\LENOVO\Desktop\kyapture\benchmark-artifacts\jpeg-quick-screen\work\0012_20150508_130700_9542b222\attempt-002\references\0001_20150508_130700_c5c4b339.png,True
20150508_130700.jpg,C:\Users\LENOVO\Desktop\kyapture\benchmark\data\jpeg_real\20150508_130700.jpg,jpegli,80.0,selected,2534246,8144835,2025,3600,533322,2025,3600,JPEG,C:\Users\LENOVO\Desktop\kyapture\benchmark-artifacts\jpeg-quick-screen\work\0012_20150508_130700_9542b222\attempt-002\outputs\0001_20150508_130700_c5c4b339_jpegli_t80_0.jpg,78.9553973844686,4.751812226009803,80.09773589,40.74796050241297,,372.5509000068996,82,420,jpegli,False,False,C:\Users\LENOVO\Desktop\kyapture\benchmark-artifacts\jpeg-quick-screen\work\0012_20150508_130700_9542b222\attempt-002\references\0001_20150508_130700_c5c4b339.png,True
20150508_130700.jpg,C:\Users\LENOVO\Desktop\kyapture\benchmark\data\jpeg_real\20150508_130700.jpg,jpegli,85.0,selected,2534246,8144835,2025,3600,860309,2025,3600,JPEG,C:\Users\LENOVO\Desktop\kyapture\benchmark-artifacts\jpeg-quick-screen\work\0012_20150508_130700_9542b222\attempt-002\outputs\0001_20150508_130700_c5c4b339_jpegli_t85_0.jpg,66.05266418492917,2.9457392634506903,85.42976363,42.96825707201067,,359.71730000164825,91,420,jpegli,False,False,C:\Users\LENOVO\Desktop\kyapture\benchmark-artifacts\jpeg-quick-screen\work\0012_20150508_130700_9542b222\attempt-002\references\0001_20150508_130700_c5c4b339.png,True
20150508_130700.jpg,C:\Users\LENOVO\Desktop\kyapture\benchmark\data\jpeg_real\20150508_130700.jpg,jpegli,88.0,selected,2534246,8144835,2025,3600,1322074,2025,3600,JPEG,C:\Users\LENOVO\Desktop\kyapture\benchmark-artifacts\jpeg-quick-screen\work\0012_20150508_130700_9542b222\attempt-002\outputs\0001_20150508_130700_c5c4b339_jpegli_t88_0.jpg,47.83166275097208,1.9168715215638459,88.23008429,44.993226239381805,,428.59260000113863,95,420,jpegli,False,False,C:\Users\LENOVO\Desktop\kyapture\benchmark-artifacts\jpeg-quick-screen\work\0012_20150508_130700_9542b222\attempt-002\references\0001_20150508_130700_c5c4b339.png,True
20150508_130700.jpg,C:\Users\LENOVO\Desktop\kyapture\benchmark\data\jpeg_real\20150508_130700.jpg,jpegli,90.0,selected,2534246,8144835,2025,3600,2182925,2025,3600,JPEG,C:\Users\LENOVO\Desktop\kyapture\benchmark-artifacts\jpeg-quick-screen\work\0012_20150508_130700_9542b222\attempt-002\outputs\0001_20150508_130700_c5c4b339_jpegli_t90_0.jpg,13.86293990401879,1.1609404812350401,90.24916915,47.88017018258236,,716.719899995951,98,420,jpegli,False,False,C:\Users\LENOVO\Desktop\kyapture\benchmark-artifacts\jpeg-quick-screen\work\0012_20150508_130700_9542b222\attempt-002\references\0001_20150508_130700_c5c4b339.png,True
20150508_130700.jpg,C:\Users\LENOVO\Desktop\kyapture\benchmark\data\jpeg_real\20150508_130700.jpg,mozjpeg,80.0,selected,2534246,8144835,2025,3600,567741,2025,3600,JPEG,C:\Users\LENOVO\Desktop\kyapture\benchmark-artifacts\jpeg-quick-screen\work\0012_20150508_130700_9542b222\attempt-002\outputs\0001_20150508_130700_c5c4b339_mozjpeg_t80_0.jpg,77.59724194099546,4.463736105019718,80.4039767,41.02297102196449,,2505.030100001022,80,420,mozjpeg,False,False,C:\Users\LENOVO\Desktop\kyapture\benchmark-artifacts\jpeg-quick-screen\work\0012_20150508_130700_9542b222\attempt-002\references\0001_20150508_130700_c5c4b339.png,True
20150508_130700.jpg,C:\Users\LENOVO\Desktop\kyapture\benchmark\data\jpeg_real\20150508_130700.jpg,mozjpeg,85.0,selected,2534246,8144835,2025,3600,916887,2025,3600,JPEG,C:\Users\LENOVO\Desktop\kyapture\benchmark-artifacts\jpeg-quick-screen\work\0012_20150508_130700_9542b222\attempt-002\outputs\0001_20150508_130700_c5c4b339_mozjpeg_t85_0.jpg,63.820126380785446,2.7639676426866124,86.33230805,43.06430630429049,,2667.0505000074627,90,420,mozjpeg,False,False,C:\Users\LENOVO\Desktop\kyapture\benchmark-artifacts\jpeg-quick-screen\work\0012_20150508_130700_9542b222\attempt-002\references\0001_20150508_130700_c5c4b339.png,False
20150508_130700.jpg,C:\Users\LENOVO\Desktop\kyapture\benchmark\data\jpeg_real\20150508_130700.jpg,mozjpeg,88.0,selected,2534246,8144835,2025,3600,1301460,2025,3600,JPEG,C:\Users\LENOVO\Desktop\kyapture\benchmark-artifacts\jpeg-quick-screen\work\0012_20150508_130700_9542b222\attempt-002\outputs\0001_20150508_130700_c5c4b339_mozjpeg_t88_0.jpg,48.64508023293713,1.9472331074331903,88.56165774,44.636938368710005,,3209.475300012855,94,420,mozjpeg,False,False,C:\Users\LENOVO\Desktop\kyapture\benchmark-artifacts\jpeg-quick-screen\work\0012_20150508_130700_9542b222\attempt-002\references\0001_20150508_130700_c5c4b339.png,True
20150508_130700.jpg,C:\Users\LENOVO\Desktop\kyapture\benchmark\data\jpeg_real\20150508_130700.jpg,mozjpeg,90.0,selected,2534246,8144835,2025,3600,2021230,2025,3600,JPEG,C:\Users\LENOVO\Desktop\kyapture\benchmark-artifacts\jpeg-quick-screen\work\0012_20150508_130700_9542b222\attempt-002\outputs\0001_20150508_130700_c5c4b339_mozjpeg_t90_0.jpg,20.24333864983905,1.253813766864731,90.2912502,46.83931744852484,,4264.370599994436,97,420,mozjpeg,False,False,C:\Users\LENOVO\Desktop\kyapture\benchmark-artifacts\jpeg-quick-screen\work\0012_20150508_130700_9542b222\attempt-002\references\0001_20150508_130700_c5c4b339.png,True
20230605_154755.jpg,C:\Users\LENOVO\Desktop\kyapture\benchmark\data\jpeg_real\20230605_154755.jpg,current,,selected,2057898,6203319,2448,3264,762121,2448,3264,JPEG,C:\Users\LENOVO\Desktop\kyapture\benchmark-artifacts\jpeg-quick-screen\work\0016_20230605_154755_ae8560cd\attempt-003\outputs\0001_20230605_154755_2f420366_current.jpg,62.96604593619315,2.700224767458186,82.49838476,44.58395315407576,,9228.5675000021,84,420,current,False,False,C:\Users\LENOVO\Desktop\kyapture\benchmark-artifacts\jpeg-quick-screen\work\0016_20230605_154755_ae8560cd\attempt-003\references\0001_20230605_154755_2f420366.png,True
20230605_154755.jpg,C:\Users\LENOVO\Desktop\kyapture\benchmark\data\jpeg_real\20230605_154755.jpg,jpegli,80.0,selected,2057898,6203319,2448,3264,482166,2448,3264,JPEG,C:\Users\LENOVO\Desktop\kyapture\benchmark-artifacts\jpeg-quick-screen\work\0016_20230605_154755_ae8560cd\attempt-003\outputs\0001_20230605_154755_2f420366_jpegli_t80_0.jpg,76.56997577139391,4.268028023543759,80.31965973,43.4486747942917,,511.1839000019245,87,420,jpegli,False,False,C:\Users\LENOVO\Desktop\kyapture\benchmark-artifacts\jpeg-quick-screen\work\0016_20230605_154755_ae8560cd\attempt-003\references\0001_20230605_154755_2f420366.png,True
20230605_154755.jpg,C:\Users\LENOVO\Desktop\kyapture\benchmark\data\jpeg_real\20230605_154755.jpg,jpegli,85.0,selected,2057898,6203319,2448,3264,901932,2448,3264,JPEG,C:\Users\LENOVO\Desktop\kyapture\benchmark-artifacts\jpeg-quick-screen\work\0016_20230605_154755_ae8560cd\attempt-003\outputs\0001_20230605_154755_2f420366_jpegli_t85_0.jpg,56.17217179860226,2.2816553797847288,86.18194971,46.38260621027864,,423.4841999859782,93,420,jpegli,False,False,C:\Users\LENOVO\Desktop\kyapture\benchmark-artifacts\jpeg-quick-screen\work\0016_20230605_154755_ae8560cd\attempt-003\references\0001_20230605_154755_2f420366.png,False
20230605_154755.jpg,C:\Users\LENOVO\Desktop\kyapture\benchmark\data\jpeg_real\20230605_154755.jpg,jpegli,88.0,selected,2057898,6203319,2448,3264,1182420,2448,3264,JPEG,C:\Users\LENOVO\Desktop\kyapture\benchmark-artifacts\jpeg-quick-screen\work\0016_20230605_154755_ae8560cd\attempt-003\outputs\0001_20230605_154755_2f420366_jpegli_t88_0.jpg,42.5423417487164,1.7404120363322677,88.25634154,48.11454289240979,,427.40970000158995,95,420,jpegli,False,False,C:\Users\LENOVO\Desktop\kyapture\benchmark-artifacts\jpeg-quick-screen\work\0016_20230605_154755_ae8560cd\attempt-003\references\0001_20230605_154755_2f420366.png,True
20230605_154755.jpg,C:\Users\LENOVO\Desktop\kyapture\benchmark\data\jpeg_real\20230605_154755.jpg,jpegli,90.0,selected,2057898,6203319,2448,3264,1673423,2448,3264,JPEG,C:\Users\LENOVO\Desktop\kyapture\benchmark-artifacts\jpeg-quick-screen\work\0016_20230605_154755_ae8560cd\attempt-003\outputs\0001_20230605_154755_2f420366_jpegli_t90_0.jpg,18.682898763689938,1.2297536247559642,90.08430792,50.95048521572298,,698.4167999908095,98,420,jpegli,False,False,C:\Users\LENOVO\Desktop\kyapture\benchmark-artifacts\jpeg-quick-screen\work\0016_20230605_154755_ae8560cd\attempt-003\references\0001_20230605_154755_2f420366.png,True
20230605_154755.jpg,C:\Users\LENOVO\Desktop\kyapture\benchmark\data\jpeg_real\20230605_154755.jpg,mozjpeg,80.0,selected,2057898,6203319,2448,3264,502569,2448,3264,JPEG,C:\Users\LENOVO\Desktop\kyapture\benchmark-artifacts\jpeg-quick-screen\work\0016_20230605_154755_ae8560cd\attempt-003\outputs\0001_20230605_154755_2f420366_mozjpeg_t80_0.jpg,75.5785272156346,4.094757137825851,80.23697368,43.59498064853401,,2859.5824999938486,83,420,mozjpeg,False,False,C:\Users\LENOVO\Desktop\kyapture\benchmark-artifacts\jpeg-quick-screen\work\0016_20230605_154755_ae8560cd\attempt-003\references\0001_20230605_154755_2f420366.png,True
20230605_154755.jpg,C:\Users\LENOVO\Desktop\kyapture\benchmark\data\jpeg_real\20230605_154755.jpg,mozjpeg,85.0,selected,2057898,6203319,2448,3264,789791,2448,3264,JPEG,C:\Users\LENOVO\Desktop\kyapture\benchmark-artifacts\jpeg-quick-screen\work\0016_20230605_154755_ae8560cd\attempt-003\outputs\0001_20230605_154755_2f420366_mozjpeg_t85_0.jpg,61.62147006314209,2.6056235130559857,85.91560152,45.549749197635805,,3187.7928000030806,90,420,mozjpeg,False,False,C:\Users\LENOVO\Desktop\kyapture\benchmark-artifacts\jpeg-quick-screen\work\0016_20230605_154755_ae8560cd\attempt-003\references\0001_20230605_154755_2f420366.png,True
20230605_154755.jpg,C:\Users\LENOVO\Desktop\kyapture\benchmark\data\jpeg_real\20230605_154755.jpg,mozjpeg,88.0,selected,2057898,6203319,2448,3264,1026454,2448,3264,JPEG,C:\Users\LENOVO\Desktop\kyapture\benchmark-artifacts\jpeg-quick-screen\work\0016_20230605_154755_ae8560cd\attempt-003\outputs\0001_20230605_154755_2f420366_mozjpeg_t88_0.jpg,50.12124021695925,2.004861396613974,88.10837215,46.873449982393645,,3566.6971000027843,93,420,mozjpeg,False,False,C:\Users\LENOVO\Desktop\kyapture\benchmark-artifacts\jpeg-quick-screen\work\0016_20230605_154755_ae8560cd\attempt-003\references\0001_20230605_154755_2f420366.png,True
20230605_154755.jpg,C:\Users\LENOVO\Desktop\kyapture\benchmark\data\jpeg_real\20230605_154755.jpg,mozjpeg,90.0,selected,2057898,6203319,2448,3264,1661545,2448,3264,JPEG,C:\Users\LENOVO\Desktop\kyapture\benchmark-artifacts\jpeg-quick-screen\work\0016_20230605_154755_ae8560cd\attempt-003\outputs\0001_20230605_154755_2f420366_mozjpeg_t90_0.jpg,19.260089664307944,1.238544848318884,90.99045754,51.22390388141228,,4273.367699992377,96,420,mozjpeg,False,False,C:\Users\LENOVO\Desktop\kyapture\benchmark-artifacts\jpeg-quick-screen\work\0016_20230605_154755_ae8560cd\attempt-003\references\0001_20230605_154755_2f420366.png,True
20240308_155412.jpg,C:\Users\LENOVO\Desktop\kyapture\benchmark\data\jpeg_real\20240308_155412.jpg,current,,selected,1800947,5417293,1920,2560,712064,1920,2560,JPEG,C:\Users\LENOVO\Desktop\kyapture\benchmark-artifacts\jpeg-quick-screen\work\0017_20240308_155412_99b8c4fd\attempt-003\outputs\0001_20240308_155412_4094ecf9_current.jpg,60.46169043286671,2.529192600665109,81.50115799,40.62524457528347,,8317.031599988695,84,420,current,False,False,C:\Users\LENOVO\Desktop\kyapture\benchmark-artifacts\jpeg-quick-screen\work\0017_20240308_155412_99b8c4fd\attempt-003\references\0001_20240308_155412_4094ecf9.png,True
20240308_155412.jpg,C:\Users\LENOVO\Desktop\kyapture\benchmark\data\jpeg_real\20240308_155412.jpg,jpegli,80.0,selected,1800947,5417293,1920,2560,575919,1920,2560,JPEG,C:\Users\LENOVO\Desktop\kyapture\benchmark-artifacts\jpeg-quick-screen\work\0017_20240308_155412_99b8c4fd\attempt-003\outputs\0001_20240308_155412_4094ecf9_jpegli_t80_0.jpg,68.02132433658514,3.1270838433876986,80.27063482,40.340552809867674,,366.58680000982713,87,420,jpegli,False,False,C:\Users\LENOVO\Desktop\kyapture\benchmark-artifacts\jpeg-quick-screen\work\0017_20240308_155412_99b8c4fd\attempt-003\references\0001_20240308_155412_4094ecf9.png,True
20240308_155412.jpg,C:\Users\LENOVO\Desktop\kyapture\benchmark\data\jpeg_real\20240308_155412.jpg,jpegli,85.0,selected,1800947,5417293,1920,2560,940857,1920,2560,JPEG,C:\Users\LENOVO\Desktop\kyapture\benchmark-artifacts\jpeg-quick-screen\work\0017_20240308_155412_99b8c4fd\attempt-003\outputs\0001_20240308_155412_4094ecf9_jpegli_t85_0.jpg,47.75765194644818,1.9141559238013854,85.9348778,44.306669539703904,,446.1278999951901,93,420,jpegli,False,False,C:\Users\LENOVO\Desktop\kyapture\benchmark-artifacts\jpeg-quick-screen\work\0017_20240308_155412_99b8c4fd\attempt-003\references\0001_20240308_155412_4094ecf9.png,True
20240308_155412.jpg,C:\Users\LENOVO\Desktop\kyapture\benchmark\data\jpeg_real\20240308_155412.jpg,jpegli,88.0,selected,1800947,5417293,1920,2560,1235754,1920,2560,JPEG,C:\Users\LENOVO\Desktop\kyapture\benchmark-artifacts\jpeg-quick-screen\work\0017_20240308_155412_99b8c4fd\attempt-003\outputs\0001_20240308_155412_4094ecf9_jpegli_t88_0.jpg,31.38310011344032,1.457366919305946,88.080643,47.38037824701733,,370.2752000099281,96,420,jpegli,False,False,C:\Users\LENOVO\Desktop\kyapture\benchmark-artifacts\jpeg-quick-screen\work\0017_20240308_155412_99b8c4fd\attempt-003\references\0001_20240308_155412_4094ecf9.png,True
20240308_155412.jpg,C:\Users\LENOVO\Desktop\kyapture\benchmark\data\jpeg_real\20240308_155412.jpg,jpegli,90.0,selected,1800947,5417293,1920,2560,1947890,1920,2560,JPEG,C:\Users\LENOVO\Desktop\kyapture\benchmark-artifacts\jpeg-quick-screen\work\0017_20240308_155412_99b8c4fd\attempt-003\outputs\0001_20240308_155412_4094ecf9_jpegli_t90_0.jpg,-8.159207350355114,0.9245629886697914,90.08250396,51.59578916226038,,551.4125999907264,100,420,jpegli,True,False,C:\Users\LENOVO\Desktop\kyapture\benchmark-artifacts\jpeg-quick-screen\work\0017_20240308_155412_99b8c4fd\attempt-003\references\0001_20240308_155412_4094ecf9.png,True
20240308_155412.jpg,C:\Users\LENOVO\Desktop\kyapture\benchmark\data\jpeg_real\20240308_155412.jpg,mozjpeg,80.0,selected,1800947,5417293,1920,2560,575255,1920,2560,JPEG,C:\Users\LENOVO\Desktop\kyapture\benchmark-artifacts\jpeg-quick-screen\work\0017_20240308_155412_99b8c4fd\attempt-003\outputs\0001_20240308_155412_4094ecf9_mozjpeg_t80_0.jpg,68.05819382802491,3.1306933446906156,80.42934632,40.036437202389195,,2160.23920000589,85,420,mozjpeg,False,False,C:\Users\LENOVO\Desktop\kyapture\benchmark-artifacts\jpeg-quick-screen\work\0017_20240308_155412_99b8c4fd\attempt-003\references\0001_20240308_155412_4094ecf9.png,True
20240308_155412.jpg,C:\Users\LENOVO\Desktop\kyapture\benchmark\data\jpeg_real\20240308_155412.jpg,mozjpeg,85.0,selected,1800947,5417293,1920,2560,858752,1920,2560,JPEG,C:\Users\LENOVO\Desktop\kyapture\benchmark-artifacts\jpeg-quick-screen\work\0017_20240308_155412_99b8c4fd\attempt-003\outputs\0001_20240308_155412_4094ecf9_mozjpeg_t85_0.jpg,52.31664229985669,2.097167750409897,85.09680668,42.49520839177108,,4467.411000005086,92,420,mozjpeg,False,False,C:\Users\LENOVO\Desktop\kyapture\benchmark-artifacts\jpeg-quick-screen\work\0017_20240308_155412_99b8c4fd\attempt-003\references\0001_20240308_155412_4094ecf9.png,True
20240308_155412.jpg,C:\Users\LENOVO\Desktop\kyapture\benchmark\data\jpeg_real\20240308_155412.jpg,mozjpeg,88.0,selected,1800947,5417293,1920,2560,1419583,1920,2560,JPEG,C:\Users\LENOVO\Desktop\kyapture\benchmark-artifacts\jpeg-quick-screen\work\0017_20240308_155412_99b8c4fd\attempt-003\outputs\0001_20240308_155412_4094ecf9_mozjpeg_t88_0.jpg,21.17574809253132,1.268645088029372,88.91389484,47.88277284734045,,4308.94280000939,96,420,mozjpeg,False,False,C:\Users\LENOVO\Desktop\kyapture\benchmark-artifacts\jpeg-quick-screen\work\0017_20240308_155412_99b8c4fd\attempt-003\references\0001_20240308_155412_4094ecf9.png,True
20240308_155412.jpg,C:\Users\LENOVO\Desktop\kyapture\benchmark\data\jpeg_real\20240308_155412.jpg,mozjpeg,90.0,selected,1800947,5417293,1920,2560,1864511,1920,2560,JPEG,C:\Users\LENOVO\Desktop\kyapture\benchmark-artifacts\jpeg-quick-screen\work\0017_20240308_155412_99b8c4fd\attempt-003\outputs\0001_20240308_155412_4094ecf9_mozjpeg_t90_0.jpg,-3.52947643656365,0.9659084875337287,90.27092918,52.07319793026804,,5440.621100002318,99,420,mozjpeg,True,False,C:\Users\LENOVO\Desktop\kyapture\benchmark-artifacts\jpeg-quick-screen\work\0017_20240308_155412_99b8c4fd\attempt-003\references\0001_20240308_155412_4094ecf9.png,True
20240511_184736.jpg,C:\Users\LENOVO\Desktop\kyapture\benchmark\data\jpeg_real\20240511_184736.jpg,current,,selected,1143189,2772421,2448,3264,273251,2448,3264,JPEG,C:\Users\LENOVO\Desktop\kyapture\benchmark-artifacts\jpeg-quick-screen\work\0002_20240511_184736_178b24f8\attempt-002\outputs\0001_20240511_184736_fd72bf47_current.jpg,76.0974781947692,4.183658980205013,84.5007611,48.96782981291054,,7708.507199989981,84,420,current,False,False,C:\Users\LENOVO\Desktop\kyapture\benchmark-artifacts\jpeg-quick-screen\work\0002_20240511_184736_178b24f8\attempt-002\references\0001_20240511_184736_fd72bf47.png,True
20240511_184736.jpg,C:\Users\LENOVO\Desktop\kyapture\benchmark\data\jpeg_real\20240511_184736.jpg,jpegli,80.0,selected,1143189,2772421,2448,3264,110542,2448,3264,JPEG,C:\Users\LENOVO\Desktop\kyapture\benchmark-artifacts\jpeg-quick-screen\work\0002_20240511_184736_178b24f8\attempt-002\outputs\0001_20240511_184736_fd72bf47_jpegli_t80_0.jpg,90.33038281509008,10.341671039062076,80.19884837,47.46954111917664,,208.67940000607632,83,420,jpegli,False,False,C:\Users\LENOVO\Desktop\kyapture\benchmark-artifacts\jpeg-quick-screen\work\0002_20240511_184736_178b24f8\attempt-002\references\0001_20240511_184736_fd72bf47.png,True
20240511_184736.jpg,C:\Users\LENOVO\Desktop\kyapture\benchmark\data\jpeg_real\20240511_184736.jpg,jpegli,85.0,selected,1143189,2772421,2448,3264,214540,2448,3264,JPEG,C:\Users\LENOVO\Desktop\kyapture\benchmark-artifacts\jpeg-quick-screen\work\0002_20240511_184736_178b24f8\attempt-002\outputs\0001_20240511_184736_fd72bf47_jpegli_t85_0.jpg,81.23319940972141,5.328558776918057,86.10500707,49.10529658366829,,206.23690000502393,91,420,jpegli,False,False,C:\Users\LENOVO\Desktop\kyapture\benchmark-artifacts\jpeg-quick-screen\work\0002_20240511_184736_178b24f8\attempt-002\references\0001_20240511_184736_fd72bf47.png,False
20240511_184736.jpg,C:\Users\LENOVO\Desktop\kyapture\benchmark\data\jpeg_real\20240511_184736.jpg,jpegli,88.0,selected,1143189,2772421,2448,3264,383077,2448,3264,JPEG,C:\Users\LENOVO\Desktop\kyapture\benchmark-artifacts\jpeg-quick-screen\work\0002_20240511_184736_178b24f8\attempt-002\outputs\0001_20240511_184736_fd72bf47_jpegli_t88_0.jpg,66.49049282314647,2.9842277140104994,89.65068372,50.61080754523937,,226.4698000071803,95,420,jpegli,False,False,C:\Users\LENOVO\Desktop\kyapture\benchmark-artifacts\jpeg-quick-screen\work\0002_20240511_184736_178b24f8\attempt-002\references\0001_20240511_184736_fd72bf47.png,False
20240511_184736.jpg,C:\Users\LENOVO\Desktop\kyapture\benchmark\data\jpeg_real\20240511_184736.jpg,jpegli,90.0,selected,1143189,2772421,2448,3264,536355,2448,3264,JPEG,C:\Users\LENOVO\Desktop\kyapture\benchmark-artifacts\jpeg-quick-screen\work\0002_20240511_184736_178b24f8\attempt-002\outputs\0001_20240511_184736_fd72bf47_jpegli_t90_0.jpg,53.0825611513057,2.131403641245071,90.743395,51.5170198715512,,238.0202000058489,97,420,jpegli,False,False,C:\Users\LENOVO\Desktop\kyapture\benchmark-artifacts\jpeg-quick-screen\work\0002_20240511_184736_178b24f8\attempt-002\references\0001_20240511_184736_fd72bf47.png,True
20240511_184736.jpg,C:\Users\LENOVO\Desktop\kyapture\benchmark\data\jpeg_real\20240511_184736.jpg,mozjpeg,80.0,selected,1143189,2772421,2448,3264,118244,2448,3264,JPEG,C:\Users\LENOVO\Desktop\kyapture\benchmark-artifacts\jpeg-quick-screen\work\0002_20240511_184736_178b24f8\attempt-002\outputs\0001_20240511_184736_fd72bf47_mozjpeg_t80_0.jpg,89.65665344925468,9.6680508101891,80.11526071,47.928316912896875,,826.613900004304,80,420,mozjpeg,False,False,C:\Users\LENOVO\Desktop\kyapture\benchmark-artifacts\jpeg-quick-screen\work\0002_20240511_184736_178b24f8\attempt-002\references\0001_20240511_184736_fd72bf47.png,True
20240511_184736.jpg,C:\Users\LENOVO\Desktop\kyapture\benchmark\data\jpeg_real\20240511_184736.jpg,mozjpeg,85.0,selected,1143189,2772421,2448,3264,192450,2448,3264,JPEG,C:\Users\LENOVO\Desktop\kyapture\benchmark-artifacts\jpeg-quick-screen\work\0002_20240511_184736_178b24f8\attempt-002\outputs\0001_20240511_184736_fd72bf47_mozjpeg_t85_0.jpg,83.16551331407143,5.940187061574435,85.0106727,49.150292634523225,,885.6422999961069,86,420,mozjpeg,False,False,C:\Users\LENOVO\Desktop\kyapture\benchmark-artifacts\jpeg-quick-screen\work\0002_20240511_184736_178b24f8\attempt-002\references\0001_20240511_184736_fd72bf47.png,True
20240511_184736.jpg,C:\Users\LENOVO\Desktop\kyapture\benchmark\data\jpeg_real\20240511_184736.jpg,mozjpeg,88.0,selected,1143189,2772421,2448,3264,276624,2448,3264,JPEG,C:\Users\LENOVO\Desktop\kyapture\benchmark-artifacts\jpeg-quick-screen\work\0002_20240511_184736_178b24f8\attempt-002\outputs\0001_20240511_184736_fd72bf47_mozjpeg_t88_0.jpg,75.80242637044267,4.132645757418011,89.30333292,50.25857171229714,,877.1901000000071,90,420,mozjpeg,False,False,C:\Users\LENOVO\Desktop\kyapture\benchmark-artifacts\jpeg-quick-screen\work\0002_20240511_184736_178b24f8\attempt-002\references\0001_20240511_184736_fd72bf47.png,False
20240511_184736.jpg,C:\Users\LENOVO\Desktop\kyapture\benchmark\data\jpeg_real\20240511_184736.jpg,mozjpeg,90.0,selected,1143189,2772421,2448,3264,396261,2448,3264,JPEG,C:\Users\LENOVO\Desktop\kyapture\benchmark-artifacts\jpeg-quick-screen\work\0002_20240511_184736_178b24f8\attempt-002\outputs\0001_20240511_184736_fd72bf47_mozjpeg_t90_0.jpg,65.33722770250588,2.884939471711826,91.54398005,51.29574659216338,,1313.4015999967232,93,420,mozjpeg,False,False,C:\Users\LENOVO\Desktop\kyapture\benchmark-artifacts\jpeg-quick-screen\work\0002_20240511_184736_178b24f8\attempt-002\references\0001_20240511_184736_fd72bf47.png,False
20240514_100830.jpg,C:\Users\LENOVO\Desktop\kyapture\benchmark\data\jpeg_real\20240514_100830.jpg,current,,selected,2846153,8096418,3264,2448,1107452,3264,2448,JPEG,C:\Users\LENOVO\Desktop\kyapture\benchmark-artifacts\jpeg-quick-screen\work\0018_20240514_100830_4f197c7e\attempt-004\outputs\0001_20240514_100830_659cb909_current.jpg,61.08951275634163,2.570001228044195,79.94809492,40.663408757814345,,17386.087699997006,84,420,current,False,False,C:\Users\LENOVO\Desktop\kyapture\benchmark-artifacts\jpeg-quick-screen\work\0018_20240514_100830_4f197c7e\attempt-004\references\0001_20240514_100830_659cb909.png,True
20240514_100830.jpg,C:\Users\LENOVO\Desktop\kyapture\benchmark\data\jpeg_real\20240514_100830.jpg,jpegli,80.0,selected,2846153,8096418,3264,2448,968469,3264,2448,JPEG,C:\Users\LENOVO\Desktop\kyapture\benchmark-artifacts\jpeg-quick-screen\work\0018_20240514_100830_4f197c7e\attempt-004\outputs\0001_20240514_100830_659cb909_jpegli_t80_0.jpg,65.97270069458669,2.9388168335795983,81.0507164,41.06812525532871,,415.7872999930987,88,420,jpegli,False,False,C:\Users\LENOVO\Desktop\kyapture\benchmark-artifacts\jpeg-quick-screen\work\0018_20240514_100830_4f197c7e\attempt-004\references\0001_20240514_100830_659cb909.png,False
20240514_100830.jpg,C:\Users\LENOVO\Desktop\kyapture\benchmark\data\jpeg_real\20240514_100830.jpg,jpegli,85.0,selected,2846153,8096418,3264,2448,1551441,3264,2448,JPEG,C:\Users\LENOVO\Desktop\kyapture\benchmark-artifacts\jpeg-quick-screen\work\0018_20240514_100830_4f197c7e\attempt-004\outputs\0001_20240514_100830_659cb909_jpegli_t85_0.jpg,45.4898946051038,1.8345222280447662,85.76210688,44.63880326720253,,572.7286000037566,93,420,jpegli,False,False,C:\Users\LENOVO\Desktop\kyapture\benchmark-artifacts\jpeg-quick-screen\work\0018_20240514_100830_4f197c7e\attempt-004\references\0001_20240514_100830_659cb909.png,True
20240514_100830.jpg,C:\Users\LENOVO\Desktop\kyapture\benchmark\data\jpeg_real\20240514_100830.jpg,jpegli,88.0,selected,2846153,8096418,3264,2448,2236445,3264,2448,JPEG,C:\Users\LENOVO\Desktop\kyapture\benchmark-artifacts\jpeg-quick-screen\work\0018_20240514_100830_4f197c7e\attempt-004\outputs\0001_20240514_100830_659cb909_jpegli_t88_0.jpg,21.422179341729,1.2726237399086497,88.32338007,47.532479620653724,,856.9656000036048,97,420,jpegli,False,False,C:\Users\LENOVO\Desktop\kyapture\benchmark-artifacts\jpeg-quick-screen\work\0018_20240514_100830_4f197c7e\attempt-004\references\0001_20240514_100830_659cb909.png,True
20240514_100830.jpg,C:\Users\LENOVO\Desktop\kyapture\benchmark\data\jpeg_real\20240514_100830.jpg,jpegli,90.0,selected,2846153,8096418,3264,2448,3209316,3264,2448,JPEG,C:\Users\LENOVO\Desktop\kyapture\benchmark-artifacts\jpeg-quick-screen\work\0018_20240514_100830_4f197c7e\attempt-004\outputs\0001_20240514_100830_659cb909_jpegli_t90_0.jpg,-12.759784874530645,0.886840996648507,90.1418533,52.65354881162363,,643.6367999995127,99,444,jpegli,True,False,C:\Users\LENOVO\Desktop\kyapture\benchmark-artifacts\jpeg-quick-screen\work\0018_20240514_100830_4f197c7e\attempt-004\references\0001_20240514_100830_659cb909.png,True
20240514_100830.jpg,C:\Users\LENOVO\Desktop\kyapture\benchmark\data\jpeg_real\20240514_100830.jpg,mozjpeg,80.0,selected,2846153,8096418,3264,2448,936851,3264,2448,JPEG,C:\Users\LENOVO\Desktop\kyapture\benchmark-artifacts\jpeg-quick-screen\work\0018_20240514_100830_4f197c7e\attempt-004\outputs\0001_20240514_100830_659cb909_mozjpeg_t80_0.jpg,67.08360372755786,3.0379996392169084,80.62764531,40.532790995079026,,3912.1734000073047,86,420,mozjpeg,False,False,C:\Users\LENOVO\Desktop\kyapture\benchmark-artifacts\jpeg-quick-screen\work\0018_20240514_100830_4f197c7e\attempt-004\references\0001_20240514_100830_659cb909.png,True
20240514_100830.jpg,C:\Users\LENOVO\Desktop\kyapture\benchmark\data\jpeg_real\20240514_100830.jpg,mozjpeg,85.0,selected,2846153,8096418,3264,2448,1524093,3264,2448,JPEG,C:\Users\LENOVO\Desktop\kyapture\benchmark-artifacts\jpeg-quick-screen\work\0018_20240514_100830_4f197c7e\attempt-004\outputs\0001_20240514_100830_659cb909_mozjpeg_t85_0.jpg,46.4507705664453,1.8674405039587478,86.31236668,43.04077305531467,,6695.571999996901,93,420,mozjpeg,False,False,C:\Users\LENOVO\Desktop\kyapture\benchmark-artifacts\jpeg-quick-screen\work\0018_20240514_100830_4f197c7e\attempt-004\references\0001_20240514_100830_659cb909.png,False
20240514_100830.jpg,C:\Users\LENOVO\Desktop\kyapture\benchmark\data\jpeg_real\20240514_100830.jpg,mozjpeg,88.0,selected,2846153,8096418,3264,2448,2307070,3264,2448,JPEG,C:\Users\LENOVO\Desktop\kyapture\benchmark-artifacts\jpeg-quick-screen\work\0018_20240514_100830_4f197c7e\attempt-004\outputs\0001_20240514_100830_659cb909_mozjpeg_t88_0.jpg,18.940759685090715,1.2336656451689805,89.2748733,47.5770526669245,,3570.9662000008393,96,420,mozjpeg,False,False,C:\Users\LENOVO\Desktop\kyapture\benchmark-artifacts\jpeg-quick-screen\work\0018_20240514_100830_4f197c7e\attempt-004\references\0001_20240514_100830_659cb909.png,False
20240514_100830.jpg,C:\Users\LENOVO\Desktop\kyapture\benchmark\data\jpeg_real\20240514_100830.jpg,mozjpeg,90.0,selected,2846153,8096418,3264,2448,2768192,3264,2448,JPEG,C:\Users\LENOVO\Desktop\kyapture\benchmark-artifacts\jpeg-quick-screen\work\0018_20240514_100830_4f197c7e\attempt-004\outputs\0001_20240514_100830_659cb909_mozjpeg_t90_0.jpg,2.7391710846184303,1.028163147642938,90.01578,49.42838628241852,,6617.074499998125,98,420,mozjpeg,False,False,C:\Users\LENOVO\Desktop\kyapture\benchmark-artifacts\jpeg-quick-screen\work\0018_20240514_100830_4f197c7e\attempt-004\references\0001_20240514_100830_659cb909.png,True
20240514_100852.jpg,C:\Users\LENOVO\Desktop\kyapture\benchmark\data\jpeg_real\20240514_100852.jpg,current,,selected,2795880,8156028,3264,2448,1061296,3264,2448,JPEG,C:\Users\LENOVO\Desktop\kyapture\benchmark-artifacts\jpeg-quick-screen\work\0004_20240514_100852_5aa5b29a\attempt-002\outputs\0001_20240514_100852_21b164ca_current.jpg,62.04071705509535,2.634401712623057,79.45896908,40.97546012602416,,8390.318399993703,84,420,current,False,False,C:\Users\LENOVO\Desktop\kyapture\benchmark-artifacts\jpeg-quick-screen\work\0004_20240514_100852_5aa5b29a\attempt-002\references\0001_20240514_100852_21b164ca.png,True
20240514_100852.jpg,C:\Users\LENOVO\Desktop\kyapture\benchmark\data\jpeg_real\20240514_100852.jpg,jpegli,80.0,selected,2795880,8156028,3264,2448,916744,3264,2448,JPEG,C:\Users\LENOVO\Desktop\kyapture\benchmark-artifacts\jpeg-quick-screen\work\0004_20240514_100852_5aa5b29a\attempt-002\outputs\0001_20240514_100852_21b164ca_jpegli_t80_0.jpg,67.21089603273388,3.0497936174111855,80.38190029,41.177957304400714,,439.8441999946954,88,420,jpegli,False,False,C:\Users\LENOVO\Desktop\kyapture\benchmark-artifacts\jpeg-quick-screen\work\0004_20240514_100852_5aa5b29a\attempt-002\references\0001_20240514_100852_21b164ca.png,True
20240514_100852.jpg,C:\Users\LENOVO\Desktop\kyapture\benchmark\data\jpeg_real\20240514_100852.jpg,jpegli,85.0,selected,2795880,8156028,3264,2448,1506379,3264,2448,JPEG,C:\Users\LENOVO\Desktop\kyapture\benchmark-artifacts\jpeg-quick-screen\work\0004_20240514_100852_5aa5b29a\attempt-002\outputs\0001_20240514_100852_21b164ca_jpegli_t85_0.jpg,46.121471593916766,1.8560269361163426,85.37956489,44.61118821374831,,485.2212999976473,93,420,jpegli,False,False,C:\Users\LENOVO\Desktop\kyapture\benchmark-artifacts\jpeg-quick-screen\work\0004_20240514_100852_5aa5b29a\attempt-002\references\0001_20240514_100852_21b164ca.png,True
20240514_100852.jpg,C:\Users\LENOVO\Desktop\kyapture\benchmark\data\jpeg_real\20240514_100852.jpg,jpegli,88.0,selected,2795880,8156028,3264,2448,2384671,3264,2448,JPEG,C:\Users\LENOVO\Desktop\kyapture\benchmark-artifacts\jpeg-quick-screen\work\0004_20240514_100852_5aa5b29a\attempt-002\outputs\0001_20240514_100852_21b164ca_jpegli_t88_0.jpg,14.707677010458243,1.1724384621610278,88.61270711,48.39322664042381,,673.468100008904,98,420,jpegli,False,False,C:\Users\LENOVO\Desktop\kyapture\benchmark-artifacts\jpeg-quick-screen\work\0004_20240514_100852_5aa5b29a\attempt-002\references\0001_20240514_100852_21b164ca.png,True
20240514_100852.jpg,C:\Users\LENOVO\Desktop\kyapture\benchmark\data\jpeg_real\20240514_100852.jpg,jpegli,90.0,selected,2795880,8156028,3264,2448,3167921,3264,2448,JPEG,C:\Users\LENOVO\Desktop\kyapture\benchmark-artifacts\jpeg-quick-screen\work\0004_20240514_100852_5aa5b29a\attempt-002\outputs\0001_20240514_100852_21b164ca_jpegli_t90_0.jpg,-13.306758516102256,0.8825598870678909,90.25119839,52.581583892704124,,852.4375000124564,99,444,jpegli,True,False,C:\Users\LENOVO\Desktop\kyapture\benchmark-artifacts\jpeg-quick-screen\work\0004_20240514_100852_5aa5b29a\attempt-002\references\0001_20240514_100852_21b164ca.png,True
20240514_100852.jpg,C:\Users\LENOVO\Desktop\kyapture\benchmark\data\jpeg_real\20240514_100852.jpg,mozjpeg,80.0,selected,2795880,8156028,3264,2448,894548,3264,2448,JPEG,C:\Users\LENOVO\Desktop\kyapture\benchmark-artifacts\jpeg-quick-screen\work\0004_20240514_100852_5aa5b29a\attempt-002\outputs\0001_20240514_100852_21b164ca_mozjpeg_t80_0.jpg,68.0047784597336,3.1254667161516205,80.04455679,40.857133376009706,,1612.1558000013465,86,420,mozjpeg,False,False,C:\Users\LENOVO\Desktop\kyapture\benchmark-artifacts\jpeg-quick-screen\work\0004_20240514_100852_5aa5b29a\attempt-002\references\0001_20240514_100852_21b164ca.png,True
20240514_100852.jpg,C:\Users\LENOVO\Desktop\kyapture\benchmark\data\jpeg_real\20240514_100852.jpg,mozjpeg,85.0,selected,2795880,8156028,3264,2448,1480514,3264,2448,JPEG,C:\Users\LENOVO\Desktop\kyapture\benchmark-artifacts\jpeg-quick-screen\work\0004_20240514_100852_5aa5b29a\attempt-002\outputs\0001_20240514_100852_21b164ca_mozjpeg_t85_0.jpg,47.04658282901985,1.8884522537443078,85.90379992,43.240315673779705,,2719.824799991329,93,420,mozjpeg,False,False,C:\Users\LENOVO\Desktop\kyapture\benchmark-artifacts\jpeg-quick-screen\work\0004_20240514_100852_5aa5b29a\attempt-002\references\0001_20240514_100852_21b164ca.png,True
20240514_100852.jpg,C:\Users\LENOVO\Desktop\kyapture\benchmark\data\jpeg_real\20240514_100852.jpg,mozjpeg,88.0,selected,2795880,8156028,3264,2448,2253944,3264,2448,JPEG,C:\Users\LENOVO\Desktop\kyapture\benchmark-artifacts\jpeg-quick-screen\work\0004_20240514_100852_5aa5b29a\attempt-002\outputs\0001_20240514_100852_21b164ca_mozjpeg_t88_0.jpg,19.38337839964519,1.240438981625098,88.82268192,47.608028308683465,,4222.033900005044,96,420,mozjpeg,False,False,C:\Users\LENOVO\Desktop\kyapture\benchmark-artifacts\jpeg-quick-screen\work\0004_20240514_100852_5aa5b29a\attempt-002\references\0001_20240514_100852_21b164ca.png,True
20240514_100852.jpg,C:\Users\LENOVO\Desktop\kyapture\benchmark\data\jpeg_real\20240514_100852.jpg,mozjpeg,90.0,selected,2795880,8156028,3264,2448,2704930,3264,2448,JPEG,C:\Users\LENOVO\Desktop\kyapture\benchmark-artifacts\jpeg-quick-screen\work\0004_20240514_100852_5aa5b29a\attempt-002\outputs\0001_20240514_100852_21b164ca_mozjpeg_t90_0.jpg,3.2530008440991742,1.0336237906341383,90.31731994,50.60272471812163,,7810.49050000729,96,444,mozjpeg,False,False,C:\Users\LENOVO\Desktop\kyapture\benchmark-artifacts\jpeg-quick-screen\work\0004_20240514_100852_5aa5b29a\attempt-002\references\0001_20240514_100852_21b164ca.png,True
20240531_091725.jpg,C:\Users\LENOVO\Desktop\kyapture\benchmark\data\jpeg_real\20240531_091725.jpg,current,,selected,2134510,6427462,2448,3264,841724,2448,3264,JPEG,C:\Users\LENOVO\Desktop\kyapture\benchmark-artifacts\jpeg-quick-screen\work\0006_20240531_091725_c82da197\attempt-002\outputs\0001_20240531_091725_ce9a7626_current.jpg,60.565937849904664,2.535878744101392,83.42558899,42.42028353466222,,9504.742799996166,84,420,current,False,False,C:\Users\LENOVO\Desktop\kyapture\benchmark-artifacts\jpeg-quick-screen\work\0006_20240531_091725_c82da197\attempt-002\references\0001_20240531_091725_ce9a7626.png,True
20240531_091725.jpg,C:\Users\LENOVO\Desktop\kyapture\benchmark\data\jpeg_real\20240531_091725.jpg,jpegli,80.0,selected,2134510,6427462,2448,3264,540295,2448,3264,JPEG,C:\Users\LENOVO\Desktop\kyapture\benchmark-artifacts\jpeg-quick-screen\work\0006_20240531_091725_c82da197\attempt-002\outputs\0001_20240531_091725_ce9a7626_jpegli_t80_0.jpg,74.68763322729806,3.9506380773466345,80.09798802,40.82216785986834,,361.2845000025118,81,420,jpegli,False,False,C:\Users\LENOVO\Desktop\kyapture\benchmark-artifacts\jpeg-quick-screen\work\0006_20240531_091725_c82da197\attempt-002\references\0001_20240531_091725_ce9a7626.png,True
20240531_091725.jpg,C:\Users\LENOVO\Desktop\kyapture\benchmark\data\jpeg_real\20240531_091725.jpg,jpegli,85.0,selected,2134510,6427462,2448,3264,885540,2448,3264,JPEG,C:\Users\LENOVO\Desktop\kyapture\benchmark-artifacts\jpeg-quick-screen\work\0006_20240531_091725_c82da197\attempt-002\outputs\0001_20240531_091725_ce9a7626_jpegli_t85_0.jpg,58.51319506584649,2.41040495065158,85.53629456,43.97881239460338,,380.2194000018062,91,420,jpegli,False,False,C:\Users\LENOVO\Desktop\kyapture\benchmark-artifacts\jpeg-quick-screen\work\0006_20240531_091725_c82da197\attempt-002\references\0001_20240531_091725_ce9a7626.png,True
20240531_091725.jpg,C:\Users\LENOVO\Desktop\kyapture\benchmark\data\jpeg_real\20240531_091725.jpg,jpegli,88.0,selected,2134510,6427462,2448,3264,1305217,2448,3264,JPEG,C:\Users\LENOVO\Desktop\kyapture\benchmark-artifacts\jpeg-quick-screen\work\0006_20240531_091725_c82da197\attempt-002\outputs\0001_20240531_091725_ce9a7626_jpegli_t88_0.jpg,38.85168024511481,1.635367912002372,88.81364029,47.75646656490201,,531.9903999916278,95,420,jpegli,False,False,C:\Users\LENOVO\Desktop\kyapture\benchmark-artifacts\jpeg-quick-screen\work\0006_20240531_091725_c82da197\attempt-002\references\0001_20240531_091725_ce9a7626.png,True
20240531_091725.jpg,C:\Users\LENOVO\Desktop\kyapture\benchmark\data\jpeg_real\20240531_091725.jpg,jpegli,90.0,selected,2134510,6427462,2448,3264,1729479,2448,3264,JPEG,C:\Users\LENOVO\Desktop\kyapture\benchmark-artifacts\jpeg-quick-screen\work\0006_20240531_091725_c82da197\attempt-002\outputs\0001_20240531_091725_ce9a7626_jpegli_t90_0.jpg,18.97536202688205,1.2341924938088291,90.04417504,50.49329002978672,,685.9526000043843,98,420,jpegli,False,False,C:\Users\LENOVO\Desktop\kyapture\benchmark-artifacts\jpeg-quick-screen\work\0006_20240531_091725_c82da197\attempt-002\references\0001_20240531_091725_ce9a7626.png,True
20240531_091725.jpg,C:\Users\LENOVO\Desktop\kyapture\benchmark\data\jpeg_real\20240531_091725.jpg,mozjpeg,80.0,selected,2134510,6427462,2448,3264,575868,2448,3264,JPEG,C:\Users\LENOVO\Desktop\kyapture\benchmark-artifacts\jpeg-quick-screen\work\0006_20240531_091725_c82da197\attempt-002\outputs\0001_20240531_091725_ce9a7626_mozjpeg_t80_0.jpg,73.02106806714421,3.7065959560176984,80.37244498,40.96681498498156,,2341.19279999868,80,420,mozjpeg,False,False,C:\Users\LENOVO\Desktop\kyapture\benchmark-artifacts\jpeg-quick-screen\work\0006_20240531_091725_c82da197\attempt-002\references\0001_20240531_091725_ce9a7626.png,True
20240531_091725.jpg,C:\Users\LENOVO\Desktop\kyapture\benchmark\data\jpeg_real\20240531_091725.jpg,mozjpeg,85.0,selected,2134510,6427462,2448,3264,897600,2448,3264,JPEG,C:\Users\LENOVO\Desktop\kyapture\benchmark-artifacts\jpeg-quick-screen\work\0006_20240531_091725_c82da197\attempt-002\outputs\0001_20240531_091725_ce9a7626_mozjpeg_t85_0.jpg,57.948194199137035,2.3780191622103386,85.91732866,43.53737416844497,,2816.94360000256,90,420,mozjpeg,False,False,C:\Users\LENOVO\Desktop\kyapture\benchmark-artifacts\jpeg-quick-screen\work\0006_20240531_091725_c82da197\attempt-002\references\0001_20240531_091725_ce9a7626.png,True
20240531_091725.jpg,C:\Users\LENOVO\Desktop\kyapture\benchmark\data\jpeg_real\20240531_091725.jpg,mozjpeg,88.0,selected,2134510,6427462,2448,3264,1253308,2448,3264,JPEG,C:\Users\LENOVO\Desktop\kyapture\benchmark-artifacts\jpeg-quick-screen\work\0006_20240531_091725_c82da197\attempt-002\outputs\0001_20240531_091725_ce9a7626_mozjpeg_t88_0.jpg,41.28357327911324,1.7031009137418736,88.07436293,45.92219652599293,,4693.185600001016,94,420,mozjpeg,False,False,C:\Users\LENOVO\Desktop\kyapture\benchmark-artifacts\jpeg-quick-screen\work\0006_20240531_091725_c82da197\attempt-002\references\0001_20240531_091725_ce9a7626.png,True
20240531_091725.jpg,C:\Users\LENOVO\Desktop\kyapture\benchmark\data\jpeg_real\20240531_091725.jpg,mozjpeg,90.0,selected,2134510,6427462,2448,3264,1801447,2448,3264,JPEG,C:\Users\LENOVO\Desktop\kyapture\benchmark-artifacts\jpeg-quick-screen\work\0006_20240531_091725_c82da197\attempt-002\outputs\0001_20240531_091725_ce9a7626_mozjpeg_t90_0.jpg,15.60372169725136,1.1848863718999227,90.22653195,50.48500187299106,,4807.989799999632,97,420,mozjpeg,False,False,C:\Users\LENOVO\Desktop\kyapture\benchmark-artifacts\jpeg-quick-screen\work\0006_20240531_091725_c82da197\attempt-002\references\0001_20240531_091725_ce9a7626.png,True
20240904_163240.jpg,C:\Users\LENOVO\Desktop\kyapture\benchmark\data\jpeg_real\20240904_163240.jpg,current,,selected,2377522,7292891,3264,2448,910750,3264,2448,JPEG,C:\Users\LENOVO\Desktop\kyapture\benchmark-artifacts\jpeg-quick-screen\work\0019_20240904_163240_12441d9d\attempt-004\outputs\0001_20240904_163240_3eeaec0a_current.jpg,61.69330925223826,2.610510019214933,82.94277916,42.7803260424212,,12051.849900002708,84,420,current,False,False,C:\Users\LENOVO\Desktop\kyapture\benchmark-artifacts\jpeg-quick-screen\work\0019_20240904_163240_12441d9d\attempt-004\references\0001_20240904_163240_3eeaec0a.png,True
20240904_163240.jpg,C:\Users\LENOVO\Desktop\kyapture\benchmark\data\jpeg_real\20240904_163240.jpg,jpegli,80.0,selected,2377522,7292891,3264,2448,596722,3264,2448,JPEG,C:\Users\LENOVO\Desktop\kyapture\benchmark-artifacts\jpeg-quick-screen\work\0019_20240904_163240_12441d9d\attempt-004\outputs\0001_20240904_163240_3eeaec0a_jpegli_t80_0.jpg,74.90151510690542,3.9843042488797127,80.2790649,41.64902367244747,,405.71429999545217,84,420,jpegli,False,False,C:\Users\LENOVO\Desktop\kyapture\benchmark-artifacts\jpeg-quick-screen\work\0019_20240904_163240_12441d9d\attempt-004\references\0001_20240904_163240_3eeaec0a.png,True
20240904_163240.jpg,C:\Users\LENOVO\Desktop\kyapture\benchmark\data\jpeg_real\20240904_163240.jpg,jpegli,85.0,selected,2377522,7292891,3264,2448,931196,3264,2448,JPEG,C:\Users\LENOVO\Desktop\kyapture\benchmark-artifacts\jpeg-quick-screen\work\0019_20240904_163240_12441d9d\attempt-004\outputs\0001_20240904_163240_3eeaec0a_jpegli_t85_0.jpg,60.83333824040324,2.5531918092431667,85.50376628,44.06905939747879,,445.48560000839643,91,420,jpegli,False,False,C:\Users\LENOVO\Desktop\kyapture\benchmark-artifacts\jpeg-quick-screen\work\0019_20240904_163240_12441d9d\attempt-004\references\0001_20240904_163240_3eeaec0a.png,True
20240904_163240.jpg,C:\Users\LENOVO\Desktop\kyapture\benchmark\data\jpeg_real\20240904_163240.jpg,jpegli,88.0,selected,2377522,7292891,3264,2448,1427646,3264,2448,JPEG,C:\Users\LENOVO\Desktop\kyapture\benchmark-artifacts\jpeg-quick-screen\work\0019_20240904_163240_12441d9d\attempt-004\outputs\0001_20240904_163240_3eeaec0a_jpegli_t88_0.jpg,39.95235375319345,1.6653442099792246,88.89500972,47.36612372510879,,789.8295000049984,95,420,jpegli,False,False,C:\Users\LENOVO\Desktop\kyapture\benchmark-artifacts\jpeg-quick-screen\work\0019_20240904_163240_12441d9d\attempt-004\references\0001_20240904_163240_3eeaec0a.png,True
20240904_163240.jpg,C:\Users\LENOVO\Desktop\kyapture\benchmark\data\jpeg_real\20240904_163240.jpg,jpegli,90.0,selected,2377522,7292891,3264,2448,1937759,3264,2448,JPEG,C:\Users\LENOVO\Desktop\kyapture\benchmark-artifacts\jpeg-quick-screen\work\0019_20240904_163240_12441d9d\attempt-004\outputs\0001_20240904_163240_3eeaec0a_jpegli_t90_0.jpg,18.496695298718578,1.2269441143093647,90.20961642,49.74465314292494,,565.6022999901325,98,420,jpegli,False,False,C:\Users\LENOVO\Desktop\kyapture\benchmark-artifacts\jpeg-quick-screen\work\0019_20240904_163240_12441d9d\attempt-004\references\0001_20240904_163240_3eeaec0a.png,True
20240904_163240.jpg,C:\Users\LENOVO\Desktop\kyapture\benchmark\data\jpeg_real\20240904_163240.jpg,mozjpeg,80.0,selected,2377522,7292891,3264,2448,666195,3264,2448,JPEG,C:\Users\LENOVO\Desktop\kyapture\benchmark-artifacts\jpeg-quick-screen\work\0019_20240904_163240_12441d9d\attempt-004\outputs\0001_20240904_163240_3eeaec0a_mozjpeg_t80_0.jpg,71.97943909667292,3.568807931611615,81.44396057,41.91070938246238,,2423.8522999949055,83,420,mozjpeg,False,False,C:\Users\LENOVO\Desktop\kyapture\benchmark-artifacts\jpeg-quick-screen\work\0019_20240904_163240_12441d9d\attempt-004\references\0001_20240904_163240_3eeaec0a.png,False
20240904_163240.jpg,C:\Users\LENOVO\Desktop\kyapture\benchmark\data\jpeg_real\20240904_163240.jpg,mozjpeg,85.0,selected,2377522,7292891,3264,2448,966268,3264,2448,JPEG,C:\Users\LENOVO\Desktop\kyapture\benchmark-artifacts\jpeg-quick-screen\work\0019_20240904_163240_12441d9d\attempt-004\outputs\0001_20240904_163240_3eeaec0a_mozjpeg_t85_0.jpg,59.35818890424568,2.46052026973883,86.07510901,43.84485020723613,,3584.983299995656,90,420,mozjpeg,False,False,C:\Users\LENOVO\Desktop\kyapture\benchmark-artifacts\jpeg-quick-screen\work\0019_20240904_163240_12441d9d\attempt-004\references\0001_20240904_163240_3eeaec0a.png,False
20240904_163240.jpg,C:\Users\LENOVO\Desktop\kyapture\benchmark\data\jpeg_real\20240904_163240.jpg,mozjpeg,88.0,selected,2377522,7292891,3264,2448,1379065,3264,2448,JPEG,C:\Users\LENOVO\Desktop\kyapture\benchmark-artifacts\jpeg-quick-screen\work\0019_20240904_163240_12441d9d\attempt-004\outputs\0001_20240904_163240_3eeaec0a_mozjpeg_t88_0.jpg,41.995699724334834,1.7240101082980135,88.60194922,46.135180298980394,,4260.913399994024,94,420,mozjpeg,False,False,C:\Users\LENOVO\Desktop\kyapture\benchmark-artifacts\jpeg-quick-screen\work\0019_20240904_163240_12441d9d\attempt-004\references\0001_20240904_163240_3eeaec0a.png,True
20240904_163240.jpg,C:\Users\LENOVO\Desktop\kyapture\benchmark\data\jpeg_real\20240904_163240.jpg,mozjpeg,90.0,selected,2377522,7292891,3264,2448,1872980,3264,2448,JPEG,C:\Users\LENOVO\Desktop\kyapture\benchmark-artifacts\jpeg-quick-screen\work\0019_20240904_163240_12441d9d\attempt-004\outputs\0001_20240904_163240_3eeaec0a_mozjpeg_t90_0.jpg,21.221338856170412,1.269379277942103,90.36742168,49.217420489515646,,5087.513699996634,96,420,mozjpeg,False,False,C:\Users\LENOVO\Desktop\kyapture\benchmark-artifacts\jpeg-quick-screen\work\0019_20240904_163240_12441d9d\attempt-004\references\0001_20240904_163240_3eeaec0a.png,True
20241004_055321.jpg,C:\Users\LENOVO\Desktop\kyapture\benchmark\data\jpeg_real\20241004_055321.jpg,current,,selected,1930930,5463986,2448,3264,767096,2448,3264,JPEG,C:\Users\LENOVO\Desktop\kyapture\benchmark-artifacts\jpeg-quick-screen\work\0007_20241004_055321_587390b7\attempt-003\outputs\0001_20241004_055321_8a00f28d_current.jpg,60.273236212602214,2.517194718783568,83.90467209,43.44758537876135,,8844.25859998737,84,420,current,False,False,C:\Users\LENOVO\Desktop\kyapture\benchmark-artifacts\jpeg-quick-screen\work\0007_20241004_055321_587390b7\attempt-003\references\0001_20241004_055321_8a00f28d.png,True
20241004_055321.jpg,C:\Users\LENOVO\Desktop\kyapture\benchmark\data\jpeg_real\20241004_055321.jpg,jpegli,80.0,selected,1930930,5463986,2448,3264,463314,2448,3264,JPEG,C:\Users\LENOVO\Desktop\kyapture\benchmark-artifacts\jpeg-quick-screen\work\0007_20241004_055321_587390b7\attempt-003\outputs\0001_20241004_055321_8a00f28d_jpegli_t80_0.jpg,76.00565530599245,4.167648722033006,80.46465653,41.47795301022061,,459.8533999960637,78,420,jpegli,False,False,C:\Users\LENOVO\Desktop\kyapture\benchmark-artifacts\jpeg-quick-screen\work\0007_20241004_055321_587390b7\attempt-003\references\0001_20241004_055321_8a00f28d.png,True
20241004_055321.jpg,C:\Users\LENOVO\Desktop\kyapture\benchmark\data\jpeg_real\20241004_055321.jpg,jpegli,85.0,selected,1930930,5463986,2448,3264,732380,2448,3264,JPEG,C:\Users\LENOVO\Desktop\kyapture\benchmark-artifacts\jpeg-quick-screen\work\0007_20241004_055321_587390b7\attempt-003\outputs\0001_20241004_055321_8a00f28d_jpegli_t85_0.jpg,62.07112634844349,2.6365138316174663,85.71493443,44.59698566704178,,391.1186000041198,90,420,jpegli,False,False,C:\Users\LENOVO\Desktop\kyapture\benchmark-artifacts\jpeg-quick-screen\work\0007_20241004_055321_587390b7\attempt-003\references\0001_20241004_055321_8a00f28d.png,True
20241004_055321.jpg,C:\Users\LENOVO\Desktop\kyapture\benchmark\data\jpeg_real\20241004_055321.jpg,jpegli,88.0,selected,1930930,5463986,2448,3264,1018351,2448,3264,JPEG,C:\Users\LENOVO\Desktop\kyapture\benchmark-artifacts\jpeg-quick-screen\work\0007_20241004_055321_587390b7\attempt-003\outputs\0001_20241004_055321_8a00f28d_jpegli_t88_0.jpg,47.261112520909606,1.8961340441556989,88.29382168,47.5641234678766,,508.8658000022406,94,420,jpegli,False,False,C:\Users\LENOVO\Desktop\kyapture\benchmark-artifacts\jpeg-quick-screen\work\0007_20241004_055321_587390b7\attempt-003\references\0001_20241004_055321_8a00f28d.png,True
20241004_055321.jpg,C:\Users\LENOVO\Desktop\kyapture\benchmark\data\jpeg_real\20241004_055321.jpg,jpegli,90.0,selected,1930930,5463986,2448,3264,1545522,2448,3264,JPEG,C:\Users\LENOVO\Desktop\kyapture\benchmark-artifacts\jpeg-quick-screen\work\0007_20241004_055321_587390b7\attempt-003\outputs\0001_20241004_055321_8a00f28d_jpegli_t90_0.jpg,19.959708534229627,1.2493707627584725,90.41524892,51.36954054809246,,492.36229999223724,98,420,jpegli,False,False,C:\Users\LENOVO\Desktop\kyapture\benchmark-artifacts\jpeg-quick-screen\work\0007_20241004_055321_587390b7\attempt-003\references\0001_20241004_055321_8a00f28d.png,True
20241004_055321.jpg,C:\Users\LENOVO\Desktop\kyapture\benchmark\data\jpeg_real\20241004_055321.jpg,mozjpeg,80.0,selected,1930930,5463986,2448,3264,481429,2448,3264,JPEG,C:\Users\LENOVO\Desktop\kyapture\benchmark-artifacts\jpeg-quick-screen\work\0007_20241004_055321_587390b7\attempt-003\outputs\0001_20241004_055321_8a00f28d_mozjpeg_t80_0.jpg,75.06750633114613,4.010830257421135,80.00206817,41.34167300559723,,3225.8118000027025,78,420,mozjpeg,False,False,C:\Users\LENOVO\Desktop\kyapture\benchmark-artifacts\jpeg-quick-screen\work\0007_20241004_055321_587390b7\attempt-003\references\0001_20241004_055321_8a00f28d.png,True
20241004_055321.jpg,C:\Users\LENOVO\Desktop\kyapture\benchmark\data\jpeg_real\20241004_055321.jpg,mozjpeg,85.0,selected,1930930,5463986,2448,3264,735361,2448,3264,JPEG,C:\Users\LENOVO\Desktop\kyapture\benchmark-artifacts\jpeg-quick-screen\work\0007_20241004_055321_587390b7\attempt-003\outputs\0001_20241004_055321_8a00f28d_mozjpeg_t85_0.jpg,61.916744781012255,2.625825954871145,85.01794773,43.992320241185496,,3123.0355000006966,89,420,mozjpeg,False,False,C:\Users\LENOVO\Desktop\kyapture\benchmark-artifacts\jpeg-quick-screen\work\0007_20241004_055321_587390b7\attempt-003\references\0001_20241004_055321_8a00f28d.png,True
20241004_055321.jpg,C:\Users\LENOVO\Desktop\kyapture\benchmark\data\jpeg_real\20241004_055321.jpg,mozjpeg,88.0,selected,1930930,5463986,2448,3264,998451,2448,3264,JPEG,C:\Users\LENOVO\Desktop\kyapture\benchmark-artifacts\jpeg-quick-screen\work\0007_20241004_055321_587390b7\attempt-003\outputs\0001_20241004_055321_8a00f28d_mozjpeg_t88_0.jpg,48.29170399755558,1.9339256508331406,88.01548032,45.765239605168574,,2924.3084999907296,93,420,mozjpeg,False,False,C:\Users\LENOVO\Desktop\kyapture\benchmark-artifacts\jpeg-quick-screen\work\0007_20241004_055321_587390b7\attempt-003\references\0001_20241004_055321_8a00f28d.png,True
20241004_055321.jpg,C:\Users\LENOVO\Desktop\kyapture\benchmark\data\jpeg_real\20241004_055321.jpg,mozjpeg,90.0,selected,1930930,5463986,2448,3264,1480162,2448,3264,JPEG,C:\Users\LENOVO\Desktop\kyapture\benchmark-artifacts\jpeg-quick-screen\work\0007_20241004_055321_587390b7\attempt-003\outputs\0001_20241004_055321_8a00f28d_mozjpeg_t90_0.jpg,23.344605967072862,1.3045396382287884,90.08700434,50.01121916063278,,6600.495500009856,96,420,mozjpeg,False,False,C:\Users\LENOVO\Desktop\kyapture\benchmark-artifacts\jpeg-quick-screen\work\0007_20241004_055321_587390b7\attempt-003\references\0001_20241004_055321_8a00f28d.png,True
20241006_131126.jpg,C:\Users\LENOVO\Desktop\kyapture\benchmark\data\jpeg_real\20241006_131126.jpg,current,,selected,2113372,6392737,2448,3264,784854,2448,3264,JPEG,C:\Users\LENOVO\Desktop\kyapture\benchmark-artifacts\jpeg-quick-screen\work\0008_20241006_131126_5aabebbd\attempt-002\outputs\0001_20241006_131126_e04e5ed7_current.jpg,62.86247759504715,2.6926944374367716,81.38924761,43.232396470224856,,9631.895400001667,84,420,current,False,False,C:\Users\LENOVO\Desktop\kyapture\benchmark-artifacts\jpeg-quick-screen\work\0008_20241006_131126_5aabebbd\attempt-002\references\0001_20241006_131126_e04e5ed7.png,True
20241006_131126.jpg,C:\Users\LENOVO\Desktop\kyapture\benchmark\data\jpeg_real\20241006_131126.jpg,jpegli,80.0,selected,2113372,6392737,2448,3264,589872,2448,3264,JPEG,C:\Users\LENOVO\Desktop\kyapture\benchmark-artifacts\jpeg-quick-screen\work\0008_20241006_131126_5aabebbd\attempt-002\outputs\0001_20241006_131126_e04e5ed7_jpegli_t80_0.jpg,72.08858639179472,3.582763718230396,80.6921469,42.98379390634513,,354.89139999845065,88,420,jpegli,False,False,C:\Users\LENOVO\Desktop\kyapture\benchmark-artifacts\jpeg-quick-screen\work\0008_20241006_131126_5aabebbd\attempt-002\references\0001_20241006_131126_e04e5ed7.png,True
20241006_131126.jpg,C:\Users\LENOVO\Desktop\kyapture\benchmark\data\jpeg_real\20241006_131126.jpg,jpegli,85.0,selected,2113372,6392737,2448,3264,952405,2448,3264,JPEG,C:\Users\LENOVO\Desktop\kyapture\benchmark-artifacts\jpeg-quick-screen\work\0008_20241006_131126_5aabebbd\attempt-002\outputs\0001_20241006_131126_e04e5ed7_jpegli_t85_0.jpg,54.93434189532178,2.2189845706395914,85.96541526,46.11402759499987,,545.0534999981755,93,420,jpegli,False,False,C:\Users\LENOVO\Desktop\kyapture\benchmark-artifacts\jpeg-quick-screen\work\0008_20241006_131126_5aabebbd\attempt-002\references\0001_20241006_131126_e04e5ed7.png,True
20241006_131126.jpg,C:\Users\LENOVO\Desktop\kyapture\benchmark\data\jpeg_real\20241006_131126.jpg,jpegli,88.0,selected,2113372,6392737,2448,3264,1220472,2448,3264,JPEG,C:\Users\LENOVO\Desktop\kyapture\benchmark-artifacts\jpeg-quick-screen\work\0008_20241006_131126_5aabebbd\attempt-002\outputs\0001_20241006_131126_e04e5ed7_jpegli_t88_0.jpg,42.25001561485626,1.7316021998046658,88.19884035,48.00559914142505,,453.28909999807365,95,420,jpegli,False,False,C:\Users\LENOVO\Desktop\kyapture\benchmark-artifacts\jpeg-quick-screen\work\0008_20241006_131126_5aabebbd\attempt-002\references\0001_20241006_131126_e04e5ed7.png,True
20241006_131126.jpg,C:\Users\LENOVO\Desktop\kyapture\benchmark\data\jpeg_real\20241006_131126.jpg,jpegli,90.0,selected,2113372,6392737,2448,3264,1733034,2448,3264,JPEG,C:\Users\LENOVO\Desktop\kyapture\benchmark-artifacts\jpeg-quick-screen\work\0008_20241006_131126_5aabebbd\attempt-002\outputs\0001_20241006_131126_e04e5ed7_jpegli_t90_0.jpg,17.99673696821951,1.2194636689182092,90.11004682,51.25086965795241,,556.0811000032118,98,420,jpegli,False,False,C:\Users\LENOVO\Desktop\kyapture\benchmark-artifacts\jpeg-quick-screen\work\0008_20241006_131126_5aabebbd\attempt-002\references\0001_20241006_131126_e04e5ed7.png,True
20241006_131126.jpg,C:\Users\LENOVO\Desktop\kyapture\benchmark\data\jpeg_real\20241006_131126.jpg,mozjpeg,80.0,selected,2113372,6392737,2448,3264,629614,2448,3264,JPEG,C:\Users\LENOVO\Desktop\kyapture\benchmark-artifacts\jpeg-quick-screen\work\0008_20241006_131126_5aabebbd\attempt-002\outputs\0001_20241006_131126_e04e5ed7_mozjpeg_t80_0.jpg,70.20808452085103,3.3566153230391955,81.16609242,42.885834661453394,,2391.9827999925474,86,420,mozjpeg,False,False,C:\Users\LENOVO\Desktop\kyapture\benchmark-artifacts\jpeg-quick-screen\work\0008_20241006_131126_5aabebbd\attempt-002\references\0001_20241006_131126_e04e5ed7.png,False
20241006_131126.jpg,C:\Users\LENOVO\Desktop\kyapture\benchmark\data\jpeg_real\20241006_131126.jpg,mozjpeg,85.0,selected,2113372,6392737,2448,3264,874587,2448,3264,JPEG,C:\Users\LENOVO\Desktop\kyapture\benchmark-artifacts\jpeg-quick-screen\work\0008_20241006_131126_5aabebbd\attempt-002\outputs\0001_20241006_131126_e04e5ed7_mozjpeg_t85_0.jpg,58.61651427197862,2.416422837293488,85.1945778,44.583450085175286,,3729.8262000113027,91,420,mozjpeg,False,False,C:\Users\LENOVO\Desktop\kyapture\benchmark-artifacts\jpeg-quick-screen\work\0008_20241006_131126_5aabebbd\attempt-002\references\0001_20241006_131126_e04e5ed7.png,True
20241006_131126.jpg,C:\Users\LENOVO\Desktop\kyapture\benchmark\data\jpeg_real\20241006_131126.jpg,mozjpeg,88.0,selected,2113372,6392737,2448,3264,1238194,2448,3264,JPEG,C:\Users\LENOVO\Desktop\kyapture\benchmark-artifacts\jpeg-quick-screen\work\0008_20241006_131126_5aabebbd\attempt-002\outputs\0001_20241006_131126_e04e5ed7_mozjpeg_t88_0.jpg,41.411450516047346,1.706818156120931,88.17539949,46.897529938507915,,3475.4010000033304,94,420,mozjpeg,False,False,C:\Users\LENOVO\Desktop\kyapture\benchmark-artifacts\jpeg-quick-screen\work\0008_20241006_131126_5aabebbd\attempt-002\references\0001_20241006_131126_e04e5ed7.png,True
20241006_131126.jpg,C:\Users\LENOVO\Desktop\kyapture\benchmark\data\jpeg_real\20241006_131126.jpg,mozjpeg,90.0,selected,2113372,6392737,2448,3264,1700788,2448,3264,JPEG,C:\Users\LENOVO\Desktop\kyapture\benchmark-artifacts\jpeg-quick-screen\work\0008_20241006_131126_5aabebbd\attempt-002\outputs\0001_20241006_131126_e04e5ed7_mozjpeg_t90_0.jpg,19.522545013371996,1.2425840257574725,90.41574909,50.799732397111434,,4094.076800000039,96,420,mozjpeg,False,False,C:\Users\LENOVO\Desktop\kyapture\benchmark-artifacts\jpeg-quick-screen\work\0008_20241006_131126_5aabebbd\attempt-002\references\0001_20241006_131126_e04e5ed7.png,True
20241006_142857.jpg,C:\Users\LENOVO\Desktop\kyapture\benchmark\data\jpeg_real\20241006_142857.jpg,current,,selected,2286364,6875351,3264,2448,857416,3264,2448,JPEG,C:\Users\LENOVO\Desktop\kyapture\benchmark-artifacts\jpeg-quick-screen\work\0020_20241006_142857_454df233\attempt-003\outputs\0001_20241006_142857_377b3c3f_current.jpg,62.49870974175591,2.6665749181260905,82.43234593,43.02494782699071,,12933.642899995903,84,420,current,False,False,C:\Users\LENOVO\Desktop\kyapture\benchmark-artifacts\jpeg-quick-screen\work\0020_20241006_142857_454df233\attempt-003\references\0001_20241006_142857_377b3c3f.png,True
20241006_142857.jpg,C:\Users\LENOVO\Desktop\kyapture\benchmark\data\jpeg_real\20241006_142857.jpg,jpegli,80.0,selected,2286364,6875351,3264,2448,597920,3264,2448,JPEG,C:\Users\LENOVO\Desktop\kyapture\benchmark-artifacts\jpeg-quick-screen\work\0020_20241006_142857_454df233\attempt-003\outputs\0001_20241006_142857_377b3c3f_jpegli_t80_0.jpg,73.8484335827541,3.8238627241102487,80.34087409,42.20063131439691,,414.88359999493696,86,420,jpegli,False,False,C:\Users\LENOVO\Desktop\kyapture\benchmark-artifacts\jpeg-quick-screen\work\0020_20241006_142857_454df233\attempt-003\references\0001_20241006_142857_377b3c3f.png,True
20241006_142857.jpg,C:\Users\LENOVO\Desktop\kyapture\benchmark\data\jpeg_real\20241006_142857.jpg,jpegli,85.0,selected,2286364,6875351,3264,2448,1118592,3264,2448,JPEG,C:\Users\LENOVO\Desktop\kyapture\benchmark-artifacts\jpeg-quick-screen\work\0020_20241006_142857_454df233\attempt-003\outputs\0001_20241006_142857_377b3c3f_jpegli_t85_0.jpg,51.07550678719575,2.0439659858107335,86.35897598,46.050160805307925,,531.7737000004854,93,420,jpegli,False,False,C:\Users\LENOVO\Desktop\kyapture\benchmark-artifacts\jpeg-quick-screen\work\0020_20241006_142857_454df233\attempt-003\references\0001_20241006_142857_377b3c3f.png,False
20241006_142857.jpg,C:\Users\LENOVO\Desktop\kyapture\benchmark\data\jpeg_real\20241006_142857.jpg,jpegli,88.0,selected,2286364,6875351,3264,2448,1397407,3264,2448,JPEG,C:\Users\LENOVO\Desktop\kyapture\benchmark-artifacts\jpeg-quick-screen\work\0020_20241006_142857_454df233\attempt-003\outputs\0001_20241006_142857_377b3c3f_jpegli_t88_0.jpg,38.88081687780248,1.636147521802882,88.21485913,47.946997441478636,,442.18100000580307,95,420,jpegli,False,False,C:\Users\LENOVO\Desktop\kyapture\benchmark-artifacts\jpeg-quick-screen\work\0020_20241006_142857_454df233\attempt-003\references\0001_20241006_142857_377b3c3f.png,True
20241006_142857.jpg,C:\Users\LENOVO\Desktop\kyapture\benchmark\data\jpeg_real\20241006_142857.jpg,jpegli,90.0,selected,2286364,6875351,3264,2448,2254902,3264,2448,JPEG,C:\Users\LENOVO\Desktop\kyapture\benchmark-artifacts\jpeg-quick-screen\work\0020_20241006_142857_454df233\attempt-003\outputs\0001_20241006_142857_377b3c3f_jpegli_t90_0.jpg,1.3760713517182777,1.0139527128008223,90.13913408,52.270776246822834,,644.3332000053488,99,420,jpegli,False,False,C:\Users\LENOVO\Desktop\kyapture\benchmark-artifacts\jpeg-quick-screen\work\0020_20241006_142857_454df233\attempt-003\references\0001_20241006_142857_377b3c3f.png,True
20241006_142857.jpg,C:\Users\LENOVO\Desktop\kyapture\benchmark\data\jpeg_real\20241006_142857.jpg,mozjpeg,80.0,selected,2286364,6875351,3264,2448,607094,3264,2448,JPEG,C:\Users\LENOVO\Desktop\kyapture\benchmark-artifacts\jpeg-quick-screen\work\0020_20241006_142857_454df233\attempt-003\outputs\0001_20241006_142857_377b3c3f_mozjpeg_t80_0.jpg,73.44718513762463,3.7660790585971857,80.53440396,42.081032394660205,,2882.100300004822,83,420,mozjpeg,False,False,C:\Users\LENOVO\Desktop\kyapture\benchmark-artifacts\jpeg-quick-screen\work\0020_20241006_142857_454df233\attempt-003\references\0001_20241006_142857_377b3c3f.png,True
20241006_142857.jpg,C:\Users\LENOVO\Desktop\kyapture\benchmark\data\jpeg_real\20241006_142857.jpg,mozjpeg,85.0,selected,2286364,6875351,3264,2448,906954,3264,2448,JPEG,C:\Users\LENOVO\Desktop\kyapture\benchmark-artifacts\jpeg-quick-screen\work\0020_20241006_142857_454df233\attempt-003\outputs\0001_20241006_142857_377b3c3f_mozjpeg_t85_0.jpg,60.33203811816491,2.520926088864485,85.24237626,44.01310138054732,,2362.0250999956625,90,420,mozjpeg,False,False,C:\Users\LENOVO\Desktop\kyapture\benchmark-artifacts\jpeg-quick-screen\work\0020_20241006_142857_454df233\attempt-003\references\0001_20241006_142857_377b3c3f.png,True
20241006_142857.jpg,C:\Users\LENOVO\Desktop\kyapture\benchmark\data\jpeg_real\20241006_142857.jpg,mozjpeg,88.0,selected,2286364,6875351,3264,2448,1493930,3264,2448,JPEG,C:\Users\LENOVO\Desktop\kyapture\benchmark-artifacts\jpeg-quick-screen\work\0020_20241006_142857_454df233\attempt-003\outputs\0001_20241006_142857_377b3c3f_mozjpeg_t88_0.jpg,34.659135640694124,1.530435830326722,88.60313461,48.094643923196394,,4139.423300002818,95,420,mozjpeg,False,False,C:\Users\LENOVO\Desktop\kyapture\benchmark-artifacts\jpeg-quick-screen\work\0020_20241006_142857_454df233\attempt-003\references\0001_20241006_142857_377b3c3f.png,True
20241006_142857.jpg,C:\Users\LENOVO\Desktop\kyapture\benchmark\data\jpeg_real\20241006_142857.jpg,mozjpeg,90.0,selected,2286364,6875351,3264,2448,1982766,3264,2448,JPEG,C:\Users\LENOVO\Desktop\kyapture\benchmark-artifacts\jpeg-quick-screen\work\0020_20241006_142857_454df233\attempt-003\outputs\0001_20241006_142857_377b3c3f_mozjpeg_t90_0.jpg,13.278638047135106,1.1531184214375272,90.20982052,51.32103973834275,,4441.1720999924,97,420,mozjpeg,False,False,C:\Users\LENOVO\Desktop\kyapture\benchmark-artifacts\jpeg-quick-screen\work\0020_20241006_142857_454df233\attempt-003\references\0001_20241006_142857_377b3c3f.png,True
Copy (2) of Picture 330.jpg,C:\Users\LENOVO\Desktop\kyapture\benchmark\data\jpeg_real\Copy (2) of Picture 330.jpg,current,,selected,2698409,11660609,3600,2700,1189495,3600,2700,JPEG,C:\Users\LENOVO\Desktop\kyapture\benchmark-artifacts\jpeg-quick-screen\work\0021_Copy_2_of_Picture_330_fc153847\attempt-004\outputs\0001_Copy_2_of_Picture_330_2084cc4f_current.jpg,55.91865428850853,2.268533285133607,82.06276845,41.858103039361076,,13875.87469999562,84,420,current,False,False,C:\Users\LENOVO\Desktop\kyapture\benchmark-artifacts\jpeg-quick-screen\work\0021_Copy_2_of_Picture_330_fc153847\attempt-004\references\0001_Copy_2_of_Picture_330_2084cc4f.png,True
Copy (2) of Picture 330.jpg,C:\Users\LENOVO\Desktop\kyapture\benchmark\data\jpeg_real\Copy (2) of Picture 330.jpg,jpegli,80.0,selected,2698409,11660609,3600,2700,890927,3600,2700,JPEG,C:\Users\LENOVO\Desktop\kyapture\benchmark-artifacts\jpeg-quick-screen\work\0021_Copy_2_of_Picture_330_fc153847\attempt-004\outputs\0001_Copy_2_of_Picture_330_2084cc4f_jpegli_t80_0.jpg,66.98324827704029,3.028765544202836,80.2155113,41.24819617155595,,568.3259000070393,87,420,jpegli,False,False,C:\Users\LENOVO\Desktop\kyapture\benchmark-artifacts\jpeg-quick-screen\work\0021_Copy_2_of_Picture_330_fc153847\attempt-004\references\0001_Copy_2_of_Picture_330_2084cc4f.png,True
Copy (2) of Picture 330.jpg,C:\Users\LENOVO\Desktop\kyapture\benchmark\data\jpeg_real\Copy (2) of Picture 330.jpg,jpegli,85.0,selected,2698409,11660609,3600,2700,1462810,3600,2700,JPEG,C:\Users\LENOVO\Desktop\kyapture\benchmark-artifacts\jpeg-quick-screen\work\0021_Copy_2_of_Picture_330_fc153847\attempt-004\outputs\0001_Copy_2_of_Picture_330_2084cc4f_jpegli_t85_0.jpg,45.789908053226924,1.84467497487712,85.26647133,43.69053683967919,,603.0948999978136,93,420,jpegli,False,False,C:\Users\LENOVO\Desktop\kyapture\benchmark-artifacts\jpeg-quick-screen\work\0021_Copy_2_of_Picture_330_fc153847\attempt-004\references\0001_Copy_2_of_Picture_330_2084cc4f.png,True
Copy (2) of Picture 330.jpg,C:\Users\LENOVO\Desktop\kyapture\benchmark\data\jpeg_real\Copy (2) of Picture 330.jpg,jpegli,88.0,selected,2698409,11660609,3600,2700,2402579,3600,2700,JPEG,C:\Users\LENOVO\Desktop\kyapture\benchmark-artifacts\jpeg-quick-screen\work\0021_Copy_2_of_Picture_330_fc153847\attempt-004\outputs\0001_Copy_2_of_Picture_330_2084cc4f_jpegli_t88_0.jpg,10.963126790638489,1.1231301863539138,88.17042878,46.25916650482686,,947.8509000036865,97,420,jpegli,False,False,C:\Users\LENOVO\Desktop\kyapture\benchmark-artifacts\jpeg-quick-screen\work\0021_Copy_2_of_Picture_330_fc153847\attempt-004\references\0001_Copy_2_of_Picture_330_2084cc4f.png,True
Copy (2) of Picture 330.jpg,C:\Users\LENOVO\Desktop\kyapture\benchmark\data\jpeg_real\Copy (2) of Picture 330.jpg,jpegli,90.0,selected,2698409,11660609,3600,2700,6059368,3600,2700,JPEG,C:\Users\LENOVO\Desktop\kyapture\benchmark-artifacts\jpeg-quick-screen\work\0021_Copy_2_of_Picture_330_fc153847\attempt-004\outputs\0001_Copy_2_of_Picture_330_2084cc4f_jpegli_t90_0.jpg,-124.55335718195424,0.4453284566971341,90.46938934,51.89950022000411,,1719.5805000083055,100,444,jpegli,True,False,C:\Users\LENOVO\Desktop\kyapture\benchmark-artifacts\jpeg-quick-screen\work\0021_Copy_2_of_Picture_330_fc153847\attempt-004\references\0001_Copy_2_of_Picture_330_2084cc4f.png,True
Copy (2) of Picture 330.jpg,C:\Users\LENOVO\Desktop\kyapture\benchmark\data\jpeg_real\Copy (2) of Picture 330.jpg,mozjpeg,80.0,selected,2698409,11660609,3600,2700,905393,3600,2700,JPEG,C:\Users\LENOVO\Desktop\kyapture\benchmark-artifacts\jpeg-quick-screen\work\0021_Copy_2_of_Picture_330_fc153847\attempt-004\outputs\0001_Copy_2_of_Picture_330_2084cc4f_mozjpeg_t80_0.jpg,66.44715460110014,2.980373163918873,80.50750712,41.368633350161886,,3606.3957000005757,84,420,mozjpeg,False,False,C:\Users\LENOVO\Desktop\kyapture\benchmark-artifacts\jpeg-quick-screen\work\0021_Copy_2_of_Picture_330_fc153847\attempt-004\references\0001_Copy_2_of_Picture_330_2084cc4f.png,True
Copy (2) of Picture 330.jpg,C:\Users\LENOVO\Desktop\kyapture\benchmark\data\jpeg_real\Copy (2) of Picture 330.jpg,mozjpeg,85.0,selected,2698409,11660609,3600,2700,1366678,3600,2700,JPEG,C:\Users\LENOVO\Desktop\kyapture\benchmark-artifacts\jpeg-quick-screen\work\0021_Copy_2_of_Picture_330_fc153847\attempt-004\outputs\0001_Copy_2_of_Picture_330_2084cc4f_mozjpeg_t85_0.jpg,49.35245175953682,1.9744292364404783,85.00303357,43.236601063711305,,3685.0449000048684,91,420,mozjpeg,False,False,C:\Users\LENOVO\Desktop\kyapture\benchmark-artifacts\jpeg-quick-screen\work\0021_Copy_2_of_Picture_330_fc153847\attempt-004\references\0001_Copy_2_of_Picture_330_2084cc4f.png,True
Copy (2) of Picture 330.jpg,C:\Users\LENOVO\Desktop\kyapture\benchmark\data\jpeg_real\Copy (2) of Picture 330.jpg,mozjpeg,88.0,selected,2698409,11660609,3600,2700,2474132,3600,2700,JPEG,C:\Users\LENOVO\Desktop\kyapture\benchmark-artifacts\jpeg-quick-screen\work\0021_Copy_2_of_Picture_330_fc153847\attempt-004\outputs\0001_Copy_2_of_Picture_330_2084cc4f_mozjpeg_t88_0.jpg,8.311453156285797,1.0906487608583535,88.57452514,46.00030475290171,,3225.6690000067465,96,420,mozjpeg,False,False,C:\Users\LENOVO\Desktop\kyapture\benchmark-artifacts\jpeg-quick-screen\work\0021_Copy_2_of_Picture_330_fc153847\attempt-004\references\0001_Copy_2_of_Picture_330_2084cc4f.png,True
Copy (2) of Picture 330.jpg,C:\Users\LENOVO\Desktop\kyapture\benchmark\data\jpeg_real\Copy (2) of Picture 330.jpg,mozjpeg,90.0,selected,2698409,11660609,3600,2700,4687785,3600,2700,JPEG,C:\Users\LENOVO\Desktop\kyapture\benchmark-artifacts\jpeg-quick-screen\work\0021_Copy_2_of_Picture_330_fc153847\attempt-004\outputs\0001_Copy_2_of_Picture_330_2084cc4f_mozjpeg_t90_0.jpg,-73.7240351629423,0.5756255886308779,90.26250878,49.82307619368954,,16067.137699996238,100,420,mozjpeg,True,False,C:\Users\LENOVO\Desktop\kyapture\benchmark-artifacts\jpeg-quick-screen\work\0021_Copy_2_of_Picture_330_fc153847\attempt-004\references\0001_Copy_2_of_Picture_330_2084cc4f.png,True
Copy of Picture 354.jpg,C:\Users\LENOVO\Desktop\kyapture\benchmark\data\jpeg_real\Copy of Picture 354.jpg,current,,selected,2631911,11830924,2700,3600,1215049,2700,3600,JPEG,C:\Users\LENOVO\Desktop\kyapture\benchmark-artifacts\jpeg-quick-screen\work\0022_Copy_of_Picture_354_3a38d737\attempt-004\outputs\0001_Copy_of_Picture_354_c5d35305_current.jpg,53.833963230519565,2.1660945361051285,82.81963687,42.04598331377472,,14452.055999994627,84,420,current,False,False,C:\Users\LENOVO\Desktop\kyapture\benchmark-artifacts\jpeg-quick-screen\work\0022_Copy_of_Picture_354_3a38d737\attempt-004\references\0001_Copy_of_Picture_354_c5d35305.png,True
Copy of Picture 354.jpg,C:\Users\LENOVO\Desktop\kyapture\benchmark\data\jpeg_real\Copy of Picture 354.jpg,jpegli,80.0,selected,2631911,11830924,2700,3600,834194,2700,3600,JPEG,C:\Users\LENOVO\Desktop\kyapture\benchmark-artifacts\jpeg-quick-screen\work\0022_Copy_of_Picture_354_3a38d737\attempt-004\outputs\0001_Copy_of_Picture_354_c5d35305_jpegli_t80_0.jpg,68.3046273221245,3.155034680182308,80.45579615,41.094061349454066,,605.0533999950858,86,420,jpegli,False,False,C:\Users\LENOVO\Desktop\kyapture\benchmark-artifacts\jpeg-quick-screen\work\0022_Copy_of_Picture_354_3a38d737\attempt-004\references\0001_Copy_of_Picture_354_c5d35305.png,True
Copy of Picture 354.jpg,C:\Users\LENOVO\Desktop\kyapture\benchmark\data\jpeg_real\Copy of Picture 354.jpg,jpegli,85.0,selected,2631911,11830924,2700,3600,1204501,2700,3600,JPEG,C:\Users\LENOVO\Desktop\kyapture\benchmark-artifacts\jpeg-quick-screen\work\0022_Copy_of_Picture_354_3a38d737\attempt-004\outputs\0001_Copy_of_Picture_354_c5d35305_jpegli_t85_0.jpg,54.23473666092813,2.185063358187332,85.12754984,42.72468692287988,,502.7317000058247,91,420,jpegli,False,False,C:\Users\LENOVO\Desktop\kyapture\benchmark-artifacts\jpeg-quick-screen\work\0022_Copy_of_Picture_354_3a38d737\attempt-004\references\0001_Copy_of_Picture_354_c5d35305.png,True
Copy of Picture 354.jpg,C:\Users\LENOVO\Desktop\kyapture\benchmark\data\jpeg_real\Copy of Picture 354.jpg,jpegli,88.0,selected,2631911,11830924,2700,3600,1832602,2700,3600,JPEG,C:\Users\LENOVO\Desktop\kyapture\benchmark-artifacts\jpeg-quick-screen\work\0022_Copy_of_Picture_354_3a38d737\attempt-004\outputs\0001_Copy_of_Picture_354_c5d35305_jpegli_t88_0.jpg,30.369909924765693,1.4361607157473364,88.83013998,44.81456590962836,,650.7554999989225,95,420,jpegli,False,False,C:\Users\LENOVO\Desktop\kyapture\benchmark-artifacts\jpeg-quick-screen\work\0022_Copy_of_Picture_354_3a38d737\attempt-004\references\0001_Copy_of_Picture_354_c5d35305.png,True
Copy of Picture 354.jpg,C:\Users\LENOVO\Desktop\kyapture\benchmark\data\jpeg_real\Copy of Picture 354.jpg,jpegli,90.0,selected,2631911,11830924,2700,3600,2389464,2700,3600,JPEG,C:\Users\LENOVO\Desktop\kyapture\benchmark-artifacts\jpeg-quick-screen\work\0022_Copy_of_Picture_354_3a38d737\attempt-004\outputs\0001_Copy_of_Picture_354_c5d35305_jpegli_t90_0.jpg,9.211823652091578,1.1014650147480773,90.37881927,46.18594550731112,,926.8685000133701,97,420,jpegli,False,False,C:\Users\LENOVO\Desktop\kyapture\benchmark-artifacts\jpeg-quick-screen\work\0022_Copy_of_Picture_354_3a38d737\attempt-004\references\0001_Copy_of_Picture_354_c5d35305.png,True
Copy of Picture 354.jpg,C:\Users\LENOVO\Desktop\kyapture\benchmark\data\jpeg_real\Copy of Picture 354.jpg,mozjpeg,80.0,selected,2631911,11830924,2700,3600,892322,2700,3600,JPEG,C:\Users\LENOVO\Desktop\kyapture\benchmark-artifacts\jpeg-quick-screen\work\0022_Copy_of_Picture_354_3a38d737\attempt-004\outputs\0001_Copy_of_Picture_354_c5d35305_mozjpeg_t80_0.jpg,66.09604200142026,2.9495081371971104,80.73202218,41.36671934680347,,3994.5842000015546,83,420,mozjpeg,False,False,C:\Users\LENOVO\Desktop\kyapture\benchmark-artifacts\jpeg-quick-screen\work\0022_Copy_of_Picture_354_3a38d737\attempt-004\references\0001_Copy_of_Picture_354_c5d35305.png,True
Copy of Picture 354.jpg,C:\Users\LENOVO\Desktop\kyapture\benchmark\data\jpeg_real\Copy of Picture 354.jpg,mozjpeg,85.0,selected,2631911,11830924,2700,3600,1333362,2700,3600,JPEG,C:\Users\LENOVO\Desktop\kyapture\benchmark-artifacts\jpeg-quick-screen\work\0022_Copy_of_Picture_354_3a38d737\attempt-004\outputs\0001_Copy_of_Picture_354_c5d35305_mozjpeg_t85_0.jpg,49.33863645085263,1.973890811347556,86.10172201,43.16912390787487,,5398.829300000216,90,420,mozjpeg,False,False,C:\Users\LENOVO\Desktop\kyapture\benchmark-artifacts\jpeg-quick-screen\work\0022_Copy_of_Picture_354_3a38d737\attempt-004\references\0001_Copy_of_Picture_354_c5d35305.png,False
Copy of Picture 354.jpg,C:\Users\LENOVO\Desktop\kyapture\benchmark\data\jpeg_real\Copy of Picture 354.jpg,mozjpeg,88.0,selected,2631911,11830924,2700,3600,1698764,2700,3600,JPEG,C:\Users\LENOVO\Desktop\kyapture\benchmark-artifacts\jpeg-quick-screen\work\0022_Copy_of_Picture_354_3a38d737\attempt-004\outputs\0001_Copy_of_Picture_354_c5d35305_mozjpeg_t88_0.jpg,35.455112273933274,1.549309380231745,88.33202322,44.276511721567,,5701.861000008648,93,420,mozjpeg,False,False,C:\Users\LENOVO\Desktop\kyapture\benchmark-artifacts\jpeg-quick-screen\work\0022_Copy_of_Picture_354_3a38d737\attempt-004\references\0001_Copy_of_Picture_354_c5d35305.png,True
Copy of Picture 354.jpg,C:\Users\LENOVO\Desktop\kyapture\benchmark\data\jpeg_real\Copy of Picture 354.jpg,mozjpeg,90.0,selected,2631911,11830924,2700,3600,2503303,2700,3600,JPEG,C:\Users\LENOVO\Desktop\kyapture\benchmark-artifacts\jpeg-quick-screen\work\0022_Copy_of_Picture_354_3a38d737\attempt-004\outputs\0001_Copy_of_Picture_354_c5d35305_mozjpeg_t90_0.jpg,4.886487423016961,1.0513753229233536,90.49013826,46.03743286559187,,7636.888199995155,96,420,mozjpeg,False,False,C:\Users\LENOVO\Desktop\kyapture\benchmark-artifacts\jpeg-quick-screen\work\0022_Copy_of_Picture_354_3a38d737\attempt-004\references\0001_Copy_of_Picture_354_c5d35305.png,True
DSC04787.JPG,C:\Users\LENOVO\Desktop\kyapture\benchmark\data\jpeg_real\DSC04787.JPG,current,,selected,1781089,8255770,3600,2102,796055,3600,2102,JPEG,C:\Users\LENOVO\Desktop\kyapture\benchmark-artifacts\jpeg-quick-screen\work\0023_DSC04787_91425882\attempt-004\outputs\0001_DSC04787_88ae6300_current.jpg,55.30515319560112,2.237394401140625,83.35537825,42.85399735734118,,10811.580800000229,84,420,current,False,False,C:\Users\LENOVO\Desktop\kyapture\benchmark-artifacts\jpeg-quick-screen\work\0023_DSC04787_91425882\attempt-004\references\0001_DSC04787_88ae6300.png,True
DSC04787.JPG,C:\Users\LENOVO\Desktop\kyapture\benchmark\data\jpeg_real\DSC04787.JPG,jpegli,80.0,selected,1781089,8255770,3600,2102,499370,3600,2102,JPEG,C:\Users\LENOVO\Desktop\kyapture\benchmark-artifacts\jpeg-quick-screen\work\0023_DSC04787_91425882\attempt-004\outputs\0001_DSC04787_88ae6300_jpegli_t80_0.jpg,71.96265880031822,3.566672006728478,80.92158589,41.772020217157426,,320.4406000004383,85,420,jpegli,False,False,C:\Users\LENOVO\Desktop\kyapture\benchmark-artifacts\jpeg-quick-screen\work\0023_DSC04787_91425882\attempt-004\references\0001_DSC04787_88ae6300.png,True
DSC04787.JPG,C:\Users\LENOVO\Desktop\kyapture\benchmark\data\jpeg_real\DSC04787.JPG,jpegli,85.0,selected,1781089,8255770,3600,2102,781492,3600,2102,JPEG,C:\Users\LENOVO\Desktop\kyapture\benchmark-artifacts\jpeg-quick-screen\work\0023_DSC04787_91425882\attempt-004\outputs\0001_DSC04787_88ae6300_jpegli_t85_0.jpg,56.122799029133304,2.2790879497166956,85.19330087,43.40753692325903,,301.7110000073444,91,420,jpegli,False,False,C:\Users\LENOVO\Desktop\kyapture\benchmark-artifacts\jpeg-quick-screen\work\0023_DSC04787_91425882\attempt-004\references\0001_DSC04787_88ae6300.png,True
DSC04787.JPG,C:\Users\LENOVO\Desktop\kyapture\benchmark\data\jpeg_real\DSC04787.JPG,jpegli,88.0,selected,1781089,8255770,3600,2102,1234754,3600,2102,JPEG,C:\Users\LENOVO\Desktop\kyapture\benchmark-artifacts\jpeg-quick-screen\work\0023_DSC04787_91425882\attempt-004\outputs\0001_DSC04787_88ae6300_jpegli_t88_0.jpg,30.674211114660753,1.4424646528782252,88.13412412,45.280207018830126,,293.2692999893334,95,420,jpegli,False,False,C:\Users\LENOVO\Desktop\kyapture\benchmark-artifacts\jpeg-quick-screen\work\0023_DSC04787_91425882\attempt-004\references\0001_DSC04787_88ae6300.png,True
DSC04787.JPG,C:\Users\LENOVO\Desktop\kyapture\benchmark\data\jpeg_real\DSC04787.JPG,jpegli,90.0,selected,1781089,8255770,3600,2102,2629940,3600,2102,JPEG,C:\Users\LENOVO\Desktop\kyapture\benchmark-artifacts\jpeg-quick-screen\work\0023_DSC04787_91425882\attempt-004\outputs\0001_DSC04787_88ae6300_jpegli_t90_0.jpg,-47.65910069625943,0.6772356023331331,90.42507845,48.52687512288652,,392.8470999962883,99,420,jpegli,True,False,C:\Users\LENOVO\Desktop\kyapture\benchmark-artifacts\jpeg-quick-screen\work\0023_DSC04787_91425882\attempt-004\references\0001_DSC04787_88ae6300.png,True
DSC04787.JPG,C:\Users\LENOVO\Desktop\kyapture\benchmark\data\jpeg_real\DSC04787.JPG,mozjpeg,80.0,selected,1781089,8255770,3600,2102,552117,3600,2102,JPEG,C:\Users\LENOVO\Desktop\kyapture\benchmark-artifacts\jpeg-quick-screen\work\0023_DSC04787_91425882\attempt-004\outputs\0001_DSC04787_88ae6300_mozjpeg_t80_0.jpg,69.00115603431384,3.225926751032843,81.45223637,42.198216192083905,,3585.5796999967424,83,420,mozjpeg,False,False,C:\Users\LENOVO\Desktop\kyapture\benchmark-artifacts\jpeg-quick-screen\work\0023_DSC04787_91425882\attempt-004\references\0001_DSC04787_88ae6300.png,False
DSC04787.JPG,C:\Users\LENOVO\Desktop\kyapture\benchmark\data\jpeg_real\DSC04787.JPG,mozjpeg,85.0,selected,1781089,8255770,3600,2102,861645,3600,2102,JPEG,C:\Users\LENOVO\Desktop\kyapture\benchmark-artifacts\jpeg-quick-screen\work\0023_DSC04787_91425882\attempt-004\outputs\0001_DSC04787_88ae6300_mozjpeg_t85_0.jpg,51.62257472815788,2.0670798298603255,85.91825987,43.79678489952208,,3665.6588000041666,90,420,mozjpeg,False,False,C:\Users\LENOVO\Desktop\kyapture\benchmark-artifacts\jpeg-quick-screen\work\0023_DSC04787_91425882\attempt-004\references\0001_DSC04787_88ae6300.png,True
DSC04787.JPG,C:\Users\LENOVO\Desktop\kyapture\benchmark\data\jpeg_real\DSC04787.JPG,mozjpeg,88.0,selected,1781089,8255770,3600,2102,1255189,3600,2102,JPEG,C:\Users\LENOVO\Desktop\kyapture\benchmark-artifacts\jpeg-quick-screen\work\0023_DSC04787_91425882\attempt-004\outputs\0001_DSC04787_88ae6300_mozjpeg_t88_0.jpg,29.52687934179594,1.4189807272052257,88.34489804,45.3177342254886,,2583.0076999991434,94,420,mozjpeg,False,False,C:\Users\LENOVO\Desktop\kyapture\benchmark-artifacts\jpeg-quick-screen\work\0023_DSC04787_91425882\attempt-004\references\0001_DSC04787_88ae6300.png,True
DSC04787.JPG,C:\Users\LENOVO\Desktop\kyapture\benchmark\data\jpeg_real\DSC04787.JPG,mozjpeg,90.0,selected,1781089,8255770,3600,2102,1951381,3600,2102,JPEG,C:\Users\LENOVO\Desktop\kyapture\benchmark-artifacts\jpeg-quick-screen\work\0023_DSC04787_91425882\attempt-004\outputs\0001_DSC04787_88ae6300_mozjpeg_t90_0.jpg,-9.56111682234857,0.9127325724704709,90.01614085,47.0765017174195,,3613.7009999947622,97,420,mozjpeg,True,False,C:\Users\LENOVO\Desktop\kyapture\benchmark-artifacts\jpeg-quick-screen\work\0023_DSC04787_91425882\attempt-004\references\0001_DSC04787_88ae6300.png,True
